Rank,Player,Pos,Bats,Throws,Age,Durability,Stamina,Control,vLH,vRH,Velocity,Groundball,Pitch1,Pitch2,Pitch3,Pitch4,Pitch5,OVR,Range,Glove,ArmStrength,ArmAccuracy,PitchCalling,Health,Speed,Patience,Temper,Makeup,xIP,xOBP,xSLG,xWHIP,xSO/BB,xFIP,xWARd,xWARs,xOPS
464,"Acquilino, Matt",P,R,R,18,32,55,44,7,23,70,26,73,39,42,10,17,36,35,35,23,43,5,62,29,98,41,81,39.75402278387999,0.42555633629917156,0.6074426132248907,2.0189114007953015,1.2943671679989095,6.619331213154499,-0.8798272681171453,-8.665523478295349,1.0329989495240621
331,"Adams, York",P,R,R,20,41,76,40,35,37,35,40,66,62,40,30,0,48,26,20,30,43,0,50,26,31,31,51,84.59806230865478,0.4045310973865627,0.554121821162891,1.8777777430665035,1.0533833940427795,6.306111059652414,-1.049343169817386,-3.308544487227748,0.9586529185494537
111,"Alonso, Robinzon",P,L,L,21,70,35,62,64,49,100,50,82,55,0,0,0,62,41,18,86,36,21,76,37,93,62,86,71.10415243812585,0.3632646766402682,0.47697870239552576,1.6185654095262898,2.010064765359989,5.024846512495392,-0.18173217218777207,-0.4568558594592464,0.8402433790357939
291,"Argo, Neil",P,R,R,20,58,21,77,37,39,47,69,76,74,36,0,0,50,8,6,21,55,2,93,32,71,36,87,37.04925621482549,0.36602928027410175,0.49625349919935857,1.6351932419801916,1.9128408848644542,5.1349048096067795,-0.2655275952969501,-1.1976465459960923,0.8622827794734603
394,"Arnold, Wilson",P,R,R,19,42,39,69,11,26,33,63,61,67,30,0,0,44,36,39,61,26,34,64,55,59,21,73,68.05914818686739,0.40186415551106386,0.5725106930264763,1.865666834942253,1.7319197574647174,6.050151580229244,-0.481309636812881,-4.457093479769913,0.9743748485375401
169,"Arrojo, Enny",P,R,R,22,68,33,74,41,44,90,43,82,40,0,0,0,57,13,69,85,44,7,100,21,57,76,64,44.571801017167346,0.36931557021199046,0.5100989178079158,1.6616520815771079,2.0774705355647733,5.211111535427813,-0.20145022699805043,-1.518878305848438,0.8794144880199063
65,"Astacio, Teodoro",P,L,L,20,18,78,91,72,53,43,35,88,69,47,46,25,68,29,32,16,56,13,100,32,100,22,53,140.60820099568383,0.32492258934368456,0.4385421856946915,1.373988033708383,2.470726763283063,4.416898614709064,0.7023780625001761,1.1746624502128071,0.7634647750383761
45,"Axford, Vern",P,L,L,18,15,71,78,80,56,89,48,89,89,72,0,0,69,57,25,87,81,1,55,33,80,88,84,104.85993120872516,0.327060917329312,0.41702156600798657,1.382544425752562,2.7646712453660873,4.198447111527824,0.8935615105125503,1.2707190777608,0.7440824833372985
219,"Barkley, Tommy",P,S,R,19,26,78,27,43,51,83,51,77,54,52,41,0,54,31,61,48,18,0,96,5,24,72,63,81.38993158376857,0.3954553892972285,0.5120033967654114,1.8127788863921683,0.9913248638873339,5.891287758372742,-1.2454716801388548,-3.0515520167425407,0.90745878606264
409,"Barnes, Dave",P,R,R,21,51,25,75,17,25,74,60,71,64,42,0,0,43,42,36,96,31,38,46,51,24,49,90,36.269426378464615,0.3921108209729671,0.5565329622279975,1.804283815334263,2.093671240396015,5.632416780359671,-0.34273060032621494,-4.098864308321258,0.9486437832009647
461,"Beck, Ira",P,R,R,22,23,59,45,20,18,30,34,57,42,49,0,0,38,45,54,34,36,0,78,27,100,26,70,48.91427954042659,0.4309380429640125,0.6201435085904933,2.052095062987532,0.8396248363648464,6.8819763623644254,-1.171415575683908,-7.550143746912985,1.0510815515545058
434,"Beltre, Ted",P,L,L,20,22,77,38,17,20,30,54,70,65,30,50,28,40,25,17,62,33,46,58,38,65,27,78,100.27937295829942,0.42531968992638813,0.5900250467999059,2.007055390120247,0.8769980021074057,6.653734172400275,-1.3536700062671179,-8.262069066701562,1.015344736726294
222,"Bergen, Boomer",P,R,R,22,46,25,96,57,47,41,56,68,45,58,58,26,54,17,15,32,39,17,57,32,50,7,87,53.079559563045315,0.3414144512921622,0.4816549997611652,1.4856139668581974,3.4838763416905576,4.764926228099832,-0.6564959530005825,-0.2207521570864739,0.8230694510533274
34,"Berroa, Trevor",P,R,R,18,16,94,73,67,63,91,61,88,66,65,39,0,72,12,56,77,52,40,88,14,36,41,86,128.83676486117793,0.3341747613464254,0.4293303479313808,1.4226163672309118,2.273821352570802,4.377306769179898,0.6940257821810747,0.698595488212036,0.7635051092778062
421,"Beverlin, Morgan",P,S,L,22,23,93,74,17,3,66,28,53,59,33,18,0,42,0,16,47,57,0,99,16,22,32,62,136.35142750612218,0.42379053071056716,0.6401502137666326,2.0030141787765503,1.9215254194147524,6.476032779576408,0.0771626355076494,-4.729804522606605,1.0639407444771998
254,"Bianucci, Hainley",P,R,R,18,71,44,61,26,33,25,62,57,64,37,0,0,50,22,26,15,60,33,81,0,48,51,66,111.8083635265633,0.3982572984535483,0.5575610729549632,1.8398695221704258,1.4091577391570451,6.047232188304583,-0.8112958449785165,-6.683409764373973,0.9558183714085114
38,"Bolton, Jett",P,R,R,19,37,94,25,48,87,97,86,99,61,56,35,15,73,12,27,71,7,17,91,19,59,20,83,145.50939141178694,0.3529589525853827,0.4037717825122002,1.5330876457835285,2.1094733587723935,4.80883175154537,1.2252591505957198,1.2102464642919166,0.7567307350975829
287,"Borges, Benji",P,R,R,18,49,9,87,38,65,49,52,82,52,48,0,0,48,64,27,26,32,27,100,37,61,57,84,39.03237020096413,0.33366587047170637,0.44804468595302205,1.43797488101168,1.9138050575852397,4.586187231273372,-0.11029649399475662,0.3271801641110475,0.7817105564247284
249,"Bowen, Jandel",P,R,R,22,42,20,46,56,75,93,46,85,63,61,0,0,52,39,21,69,25,1,85,31,67,23,56,41.75604166111661,0.3464910473692078,0.4245140224385387,1.5116682580640357,1.9443564734546297,4.787195906541823,-0.15672719618692546,0.04431003610483417,0.7710050698077465
64,"Braden, Aaron",P,S,L,18,57,18,100,65,76,47,75,96,49,57,0,0,66,65,64,30,74,37,100,7,50,48,83,63.539337085845645,0.2999461016654703,0.381250382637104,1.217914880499869,3.3838560364510286,3.73076479959526,0.09557045082421294,1.2458958811371956,0.6811964843025743
206,"Brosius, Khalil",P,L,L,20,25,78,91,42,39,20,23,58,76,41,0,0,55,0,51,41,48,17,41,25,66,24,80,128.11846134113412,0.3614257823573619,0.5279262273281102,1.6145340286107928,2.146118351442802,5.404586124719817,-0.026697434744742718,-1.628058941941862,0.8893520096854721
411,"Bryant, Hick",P,L,L,18,18,70,37,41,14,47,27,70,54,51,0,0,41,36,11,45,26,6,87,4,53,27,98,38.084604828557325,0.42669274051187367,0.596718077561817,2.0201000017873216,0.9628481523441063,6.683573079375742,-1.4383393616426947,-4.299396010068864,1.0234108180736907
448,"Bryant, Trenidad",P,R,R,18,49,23,25,28,38,27,50,69,44,42,0,0,37,68,41,36,37,20,78,29,91,44,58,36.76025409024284,0.41845421605955213,0.5597063947231584,1.9707271346052955,1.257444663507729,6.622686429346601,-2.1389493669541126,-6.8520585552314905,0.9781606107827105
260,"Buckley, Leonardo",P,L,L,20,81,33,65,39,34,24,63,76,36,0,0,0,52,12,30,22,70,0,99,10,89,49,73,45.539746329929734,0.38963792684491244,0.5400871455557402,1.7881583950140847,1.685949592056766,5.855904287469253,-0.44523629307651647,-2.0412422894979434,0.9297250724006527
134,"Buford, Will",P,S,L,18,21,52,85,59,44,65,82,68,71,53,25,28,58,13,1,68,54,0,55,23,33,87,87,53.92938735116589,0.3505969059324067,0.4728496824228877,1.533451510901334,2.341763935725477,4.706146490093027,0.005096981342233396,-0.28234344301807474,0.8234465883552944
8,"Buscher, Matthew",P,R,R,18,27,81,99,77,81,38,68,82,58,51,31,55,79,0,4,32,49,25,52,13,43,51,98,201.3175079250867,0.29576998402942034,0.38082509090491595,1.1887598039321914,3.079102941227368,3.7796187037839397,2.4290159994270915,4.401839908016762,0.6765950749343363
151,"Buss, Bump",P,L,L,18,22,76,63,30,40,88,60,61,65,50,38,0,56,58,26,70,25,16,81,53,100,91,91,104.69659689717636,0.38673910158234326,0.5360209588536118,1.7609980437127715,1.8686405814288682,5.562931704532856,-0.18118218987107912,-2.8292855988968895,0.922760060435955
471,"Caballero, Jose",P,L,L,22,53,29,52,28,13,51,34,63,36,31,0,0,37,15,11,46,35,17,87,32,82,14,65,33.70755336855621,0.4260166315429829,0.6138326145885722,2.023284767524705,1.4238922058935841,6.637884801008491,-0.6251267200556273,-6.156059187426551,1.0398492461315552
344,"Callaway, Henderson",P,S,R,18,22,85,47,27,43,49,33,56,52,34,31,0,45,36,36,30,15,5,39,32,81,45,95,89.74487720243613,0.4026594639021255,0.5654922501692656,1.8702796655411293,1.5513942966246628,6.3018558313341835,-0.52757470176168,-6.615198859655888,0.9681517140713911
33,"Campos, Yusmeiro",P,L,L,22,44,84,60,77,59,61,59,66,49,51,54,0,74,12,41,30,37,31,91,44,39,31,91,140.20224828665732,0.35567431866576094,0.46822809783855934,1.5617880992235789,1.9228200610687138,5.084358346950905,0.22595085535269413,0.5954957437310715,0.8239024165043203
419,"Carmon, Josh",P,R,R,18,47,20,29,25,46,83,56,62,57,43,0,0,40,45,24,91,26,6,76,40,100,56,84,30.720833218131354,0.4091107823274217,0.5407859747403898,1.9089730606000868,1.1519968226560715,6.166754732921696,-1.8035722895906248,-6.760071994456605,0.9498967570678115
9,"Carter, Evan",P,R,R,21,25,90,79,68,93,90,75,97,56,55,60,34,81,57,52,92,59,3,30,45,44,89,93,207.2709916105528,0.2983505511070996,0.35911750387116304,1.1978678250067984,2.826439728928315,3.658369193058335,2.44144514656737,4.429107274215018,0.6574680549782627
381,"Castillo, Chaz",P,R,R,19,57,33,60,33,28,33,32,63,64,36,0,0,45,17,44,21,21,0,100,25,79,18,56,54.11062172327072,0.3975193500990013,0.5605980535931574,1.8406148392445667,1.4789116406056029,6.087496640575436,-0.7006854868737001,-2.863895502686141,0.9581174036921587
350,"Champion, Chad",P,L,L,22,34,71,50,25,23,54,80,69,73,29,20,35,47,35,20,12,30,15,55,51,67,46,60,91.84946286513451,0.4109331342248729,0.5611752511130728,1.912111793183211,1.374829429942768,6.077435570937423,-0.22235676348014113,-5.4304009921982255,0.9721083853379456
306,"Christenson, Cedrick",P,L,L,20,56,31,74,39,18,31,83,80,46,43,0,0,49,35,40,37,44,0,78,49,49,25,74,51.11771422133782,0.39275885821201234,0.5486475689853205,1.803034816776524,1.8180038539818797,5.694981381147345,-0.3329398820268465,-0.9368002156527427,0.9414064271973328
327,"Cingrani, Joe",P,L,L,19,27,70,42,39,30,41,40,74,70,39,19,0,48,31,50,20,24,8,73,51,75,51,73,79.17323221315844,0.40356243427527,0.5482153291313321,1.87054454530655,1.0765761822345152,6.18055244956183,-1.0394766385424814,-2.8615228660046292,0.951777763406602
459,"Clark, Ian",P,R,R,18,48,28,51,23,23,44,59,60,58,39,0,0,36,4,27,7,22,14,50,42,48,26,46,45.97480712260283,0.4158383946174523,0.5822175494580509,1.9542357576835618,1.3704344500447345,6.361530003942642,-0.6698272969445201,-5.848189231867523,0.9980559440755032
457,"Clay, Patrick",P,L,L,21,59,32,34,29,26,47,3,76,44,47,0,0,38,31,36,8,15,0,98,35,60,48,61,39.3015225449658,0.4190856938120107,0.5852400511342358,1.9802978352833787,1.2649495617923205,6.663222338895887,-1.9878743201303941,-8.157267767765196,1.0043257449462466
479,"Clayton, Damon",P,R,R,21,29,17,72,34,26,55,45,67,64,26,0,0,36,8,37,0,13,0,100,3,70,37,83,35.85760134428705,0.3882054445177007,0.5464861250445137,1.7826448372944554,1.860274584667087,5.6981322481648515,-0.4021456199119645,-2.1017320757869165,0.9346915695622144
59,"Coghlan, Dick",P,L,L,19,35,100,55,68,57,46,58,86,74,68,75,60,69,7,43,26,1,0,75,50,40,29,62,170.2390046980587,0.34890428232174936,0.4434971617467388,1.5141554369230432,1.639251195879557,4.908051296812211,0.21763117059285433,0.12827334266795942,0.7924014440684881
364,"Cohen, Tommy",P,S,R,21,21,67,65,18,24,76,51,68,33,49,31,19,46,16,33,58,63,2,84,10,35,51,74,80.61391275708802,0.4076070501097561,0.588452264008327,1.9000109626633508,1.7006604097052596,6.074105907720522,-0.13560395851946608,-6.527183985161017,0.9960593141180831
438,"Conger, Timothy",P,S,R,19,34,86,60,2,13,33,53,50,61,29,50,23,40,69,45,53,23,26,49,29,42,30,88,129.1010987216318,0.4294038899293657,0.6328504173564122,2.036532214724181,1.4820856023481515,6.733446124144287,-0.28797907626173896,-5.223080295336869,1.062254307285778
441,"Constanza, Hector",P,R,R,21,22,67,52,5,13,71,43,55,72,31,42,21,40,38,24,77,38,19,89,35,82,69,92,100.54273870081478,0.4292670864135415,0.618637420255375,2.035007366303007,1.5196993051350223,6.569274656056649,-0.28952859230011735,-5.742250462204162,1.0479045066689165
133,"Corbett, Shawn",P,R,R,22,77,17,100,41,55,81,79,79,75,0,0,0,60,47,59,60,47,35,84,21,25,22,100,54.49499171031636,0.3325429420813773,0.44696814829585874,1.4241019236426617,3.0697458870605394,4.233462131948455,-0.03748416765985859,0.3664209363922746,0.779511090377236
307,"Cortez, Rougned",P,R,R,22,9,67,67,44,39,50,47,76,65,52,42,20,49,42,31,10,31,41,80,4,70,24,43,58.01749281950384,0.37183717183000164,0.5094383796141977,1.670706561462826,2.0203818122966553,5.403146781255337,-0.4800869539651154,-1.176131452956541,0.8812755514441993
253,"Cruz, D'Angelo",P,S,R,18,22,74,83,24,40,36,16,68,39,30,26,0,50,56,5,19,67,0,100,10,42,32,73,99.27585117885467,0.3757065144166958,0.5542298941967512,1.706573627847666,1.7638139440820335,5.728430903127705,-0.01233827082546959,-4.510830436637509,0.929936408613447
22,"Cuevas, Wilton",P,L,L,18,26,61,91,74,68,89,22,86,83,76,69,0,74,14,28,85,81,0,90,38,93,67,69,144.80056722838998,0.30531464518748286,0.4006696544828368,1.2490772984048921,3.092203110238488,3.8892307230967944,1.302729859851329,1.9945894838560296,0.7059842996703196
23,"Cuyler, Danny",P,L,L,18,59,24,99,89,79,100,87,80,67,0,0,0,74,4,40,38,67,32,87,27,43,34,51,72.09967473395042,0.2957426943021537,0.36253444154758324,1.187739127684221,4.02585714287031,3.4040496661448962,0.8924528161203145,1.6079104192483078,0.658277135849737
329,"Cyr, Cutter",P,L,L,20,27,58,94,32,16,39,24,52,49,44,31,16,48,51,38,42,100,6,82,39,20,26,87,75.95703026609743,0.3892560660742137,0.5939956231856416,1.7928796384103904,2.7910439576682813,5.881947208479225,-0.3932950653564958,-1.1446928680241035,0.9832516892598553
190,"Darr, Paul",P,R,R,20,29,63,74,33,45,44,62,74,73,25,21,13,56,61,40,16,73,20,84,35,82,27,51,96.70527434039704,0.3662471306129091,0.49957412311652893,1.6348833811900714,1.8077781099191343,5.244568242556383,-0.00986333431251948,-2.2819884337732996,0.8658212537294381
440,"DeRojas, Jesus",P,R,R,21,9,67,44,28,27,48,40,74,59,32,40,24,40,50,38,1,15,5,100,13,69,22,59,28.945057429452973,0.4092230009650851,0.5639754620504871,1.9079577770732925,1.2819446147951719,6.275203569149543,-1.138021408268112,-6.275739429847527,0.9731984630155722
155,"DeRosa, Jon",P,L,L,21,97,28,91,55,42,64,38,72,28,0,0,0,58,21,4,36,62,11,84,33,84,29,95,44.17209234557967,0.3591348678257542,0.5156693554917691,1.6021409323675864,2.6698862880352547,5.127857182846291,-0.2658833709900344,-1.3250867595648226,0.8748042233175233
380,"Dresden, Ossie",P,R,R,18,14,78,58,27,41,55,11,65,52,28,44,2,43,0,42,16,21,30,50,20,30,46,90,62.18427479798761,0.3912293598166683,0.5588232293863922,1.8026706321328523,1.683582863133077,6.075468652202872,-0.7364478606316393,-5.588807902736548,0.9500525892030605
294,"Drew, Pete",P,R,R,20,63,32,81,33,30,63,46,68,51,31,0,0,50,20,18,37,92,17,64,43,20,33,74,58.66259320584271,0.3814244277243294,0.5478146101956382,1.7396935024500835,2.104071299765257,5.536951618178611,-0.3599171938998331,-1.558033866922365,0.9292390379199675
67,"Duran, Aaron",P,R,R,18,55,36,57,72,60,82,65,71,82,44,0,0,65,15,25,52,28,26,89,26,37,49,93,73.1999384581153,0.3502227852333356,0.43836357444221424,1.529290637914062,1.7959426994417194,4.760799147981896,-0.10196627719913569,0.079584507058626,0.7885863596755498
345,"Ellis, Forrest",P,L,L,19,29,100,65,15,15,46,51,59,60,45,0,0,47,52,41,20,5,0,90,48,74,43,79,145.67609552280362,0.4187247671221135,0.6112966901795849,1.9657503250910517,1.802099423136708,6.386954524378095,-0.18582011388634373,-4.985369103800269,1.0300214573016984
274,"Ellis, Fred",P,S,L,18,13,63,73,44,43,57,39,63,40,32,42,21,49,37,54,14,26,17,76,38,45,31,51,61.65176825997353,0.3741211952284357,0.5303130840586651,1.6922334406451334,2.0071582096556693,5.5462934751437984,-0.2863653521964078,-1.6293879407377359,0.9044342792871007
173,"Everett, Bobby",P,R,R,22,35,65,100,28,39,37,41,66,58,47,0,0,57,35,46,25,51,0,69,27,75,32,71,105.59170105157152,0.35965785370130293,0.5293230124518733,1.601913580381173,3.032894861332453,5.189808562083729,0.2891421937812532,-2.507294768613227,0.8889808661531762
52,"Everidge, Bralin",P,S,L,19,55,25,87,93,74,47,67,96,60,51,0,0,70,67,25,43,38,14,71,35,87,33,100,69.64023953526615,0.30053220859935625,0.36634884275929336,1.219911990757684,2.358250207649393,3.786719043336384,0.2614152183868902,0.9082662910111378,0.6668810513586496
420,"Fernandez, Emilio",P,R,R,22,39,88,25,17,21,74,54,58,47,40,0,0,42,33,34,41,16,4,68,21,86,29,83,118.57532217197326,0.4465079260483022,0.6224712352020125,2.139741253577275,0.8227082804045357,6.988813139905286,-1.1363940120333185,-8.102326948269155,1.0689791612503148
110,"Finley, Raymond",P,R,R,22,31,75,90,45,49,53,37,79,75,26,43,20,62,36,37,14,46,22,58,16,67,56,68,137.13276915825287,0.3426365435442068,0.477405478517879,1.4891190376580836,2.2897969020319167,4.784815475658489,0.5419138685669407,0.42986982502039095,0.8200420220620859
346,"Fish, Brian",P,R,R,18,19,83,49,39,39,16,32,51,53,29,30,0,45,0,36,34,27,4,54,26,87,37,95,83.9341645939171,0.4021069078735637,0.5671250631393425,1.8679246009613124,1.3220657063033692,6.4232728081621975,-0.8956726030158412,-4.8507670022254565,0.9692319710129063
124,"Flores, Al",P,R,R,21,13,67,68,63,67,46,38,89,70,44,54,15,61,44,33,1,0,37,79,34,39,35,70,95.80968282308204,0.33157419473511884,0.4250249316158862,1.4157684125079275,2.0002233760315136,4.648321769293981,0.03734072483438401,0.545026525470108,0.756599126351005
88,"Flynn, Bert",P,R,R,22,28,80,51,54,62,78,17,83,85,58,68,45,65,0,24,47,38,18,95,30,86,20,100,144.35347021558331,0.34990939283993217,0.4510761165995519,1.5289174046243863,1.822259862287471,4.987110372274323,0.24790862271378034,0.33519550061900183,0.800985509439484
165,"Franklin, Andy",P,L,L,22,83,14,86,67,39,78,81,71,66,0,0,0,57,0,10,67,100,30,100,26,62,49,66,46.422040588869734,0.3543303735624178,0.47556278842677063,1.5596137421327645,2.8603578745792944,4.699544631445567,-0.1364603326606516,-0.8811409987117843,0.8298931619891885
470,"Galvez, Pedro",P,R,R,19,33,28,48,28,31,36,20,78,48,58,49,35,37,53,32,42,9,0,90,45,17,46,70,31.81566931040505,0.39839866041578786,0.5541176177217674,1.8477325561474487,1.6905429014714557,6.1784574867205535,-1.257996743560967,-5.3487481398148375,0.9525162781375552
288,"Gandarilla, Esteban",P,L,L,18,36,53,67,41,19,40,37,67,49,46,28,0,48,35,18,5,73,15,75,25,60,26,74,57.540750539128304,0.3993274414307693,0.5744466627700475,1.8500444471969848,1.7140044686187037,6.065978679357814,-0.5603387062005273,-2.0009960652568273,0.9737741042008168
276,"Garces, Juan",P,L,L,21,34,54,52,47,39,28,66,74,63,40,51,0,51,43,41,43,48,0,46,32,74,49,63,43.36224559793445,0.3843965805028511,0.5138520673454068,1.7477673539125937,1.6512626053679953,5.75224543519384,-0.46327017284363714,-1.9715857361517801,0.8982486478482579
21,"Garcia, Reggie",P,R,R,18,23,56,100,57,80,37,73,79,71,78,40,46,74,19,60,39,100,16,100,41,61,34,83,105.63189823930315,0.29814390634197574,0.3842016892307944,1.202236413075545,3.005007411532911,3.7706925875483295,0.6327761580221467,2.0944350114577843,0.6823455955727702
211,"Gardner, Tyrone",P,R,R,22,81,39,79,16,43,85,66,74,49,0,0,0,55,23,37,63,52,0,60,8,85,35,64,65.02490328826077,0.37748625005514036,0.5302880555561049,1.711029829591663,2.1267099479416993,5.325328557484817,-0.34193032692036707,-3.781016598902278,0.9077743056112453
220,"Gibson, Lloyd",P,S,L,18,50,30,46,53,29,56,72,90,84,47,0,0,52,28,18,44,57,13,96,27,54,33,79,41.1289146780766,0.38677459350227295,0.4955582925466842,1.7578694229320924,1.5344389333270443,5.495214523085987,-0.2617955055543094,-1.0603222164558472,0.8823328860489572
348,"Gil, Jecksson",P,R,R,20,80,30,87,17,14,74,67,66,45,0,0,0,47,88,27,57,26,14,71,27,60,49,70,58.33643166484067,0.40179153581787286,0.5913668641856922,1.8666558243462916,2.2464497759775384,5.7968632783333405,-0.32580975516344934,-2.9834309364215374,0.993158400003565
412,"Glanville, Paulie",P,R,R,18,13,71,38,38,36,69,41,60,41,14,0,0,41,49,28,46,23,3,23,11,93,48,82,71.71490932956065,0.41528723124403133,0.574193251579151,1.9519387046711918,1.4623318729992139,6.4530216240180405,-0.9230644043543604,-3.2463527498541005,0.9894804828231824
148,"Glass, Homer",P,L,L,21,46,24,92,55,30,85,100,81,53,58,82,39,58,17,44,35,16,31,97,48,31,20,90,52.07711725862492,0.3547727445820821,0.48348310061551153,1.5554631611828176,3.0840583198257097,4.555392964168432,0.5986259491502313,0.8182558452283637,0.8382558451975937
447,"Gonzales, Coco",P,R,R,20,53,12,88,32,23,33,48,65,37,43,0,0,39,54,57,24,60,0,69,12,92,35,74,37.16777242999456,0.3850196328204273,0.5656157769688233,1.7673710436399508,3.1582117393352958,5.721904770523899,-0.4284669449512414,-1.299916087852063,0.9506354097892505
363,"Gonzalez, Hernan",P,S,L,21,26,63,67,26,20,84,41,62,57,53,37,0,46,28,16,31,56,19,49,33,92,33,72,90.75637397358996,0.40426218275916986,0.5850634982757459,1.878933445259836,1.9745262947888496,5.986380507907349,-0.10365763017220372,-5.114221144766534,0.9893256810349158
390,"Gray, Davey",P,S,R,21,37,14,78,37,41,91,41,76,61,40,0,0,44,46,47,62,46,3,83,52,76,10,58,29.508370183775202,0.3650442015375179,0.5047600416973597,1.6360959923970562,2.873669833951506,5.0775562115887,-0.2849654694425739,-1.0011283382911942,0.8698042432348776
290,"Green, Chip",P,R,R,20,21,85,62,17,29,75,43,74,71,55,42,26,50,8,15,100,31,12,77,29,80,24,88,118.30531392064081,0.39507051340061866,0.5561413129492287,1.8152567871424838,1.8033720662234676,5.790328675780531,0.09277170409109728,-5.157346111415276,0.9512118263498475
428,"Grey, Don",P,R,R,18,65,37,36,25,23,65,59,67,59,46,0,0,39,17,7,24,29,14,24,16,23,21,68,66.91906433492957,0.4246466805717406,0.5823263544643368,2.0059701802711825,1.3840755156962075,6.476095952064778,-1.1405895317926438,-6.616792125763349,1.0069730350360775
429,"Guerrero, Anthony",P,S,R,18,16,50,66,20,31,52,35,57,34,24,47,0,39,3,28,11,18,3,88,22,74,46,46,57.28592842709022,0.4026998047751209,0.5865929109775199,1.875946324986185,1.4307761800901875,6.21660334719115,-0.801454601374285,-6.802160963382464,0.9892927157526408
309,"Guerrero, Frankie",P,R,R,19,29,75,23,41,49,71,59,64,69,44,44,20,49,14,40,29,29,7,38,23,83,19,58,76.49934865763146,0.40277193042767073,0.52245944050032,1.8604041643408329,1.4740445151050185,6.100099518504335,-1.2355120277346565,-3.252616928277624,0.9252313709279907
257,"Guerrero, Gregorio",P,R,R,21,30,59,58,28,37,49,66,77,80,30,29,0,52,13,60,19,20,0,72,48,54,42,87,56.73722340350618,0.3852563419242939,0.5180449290978926,1.7517913564822,1.5241034792710373,5.613215421777162,-0.3410350355034717,-5.016593244992003,0.9033012710221865
458,"Hall, Stuart",P,R,R,22,39,28,26,30,32,29,37,73,66,30,0,0,38,20,23,19,34,24,100,45,56,62,94,29.98190500867915,0.4168445519493055,0.5557167329919865,1.9595796062036044,0.8008541043053203,6.562069786917768,-2.151481212578536,-4.8851853575203394,0.972561284941292
154,"Hampton, Ben",P,R,R,21,44,75,89,19,25,76,64,65,63,50,0,0,58,2,43,63,71,0,65,21,99,29,67,129.86794036440742,0.38556970421443093,0.5624452567441115,1.7571979765423196,2.3711778573406628,5.447909585752077,0.38044746520302253,-2.652255359127661,0.9480149609585424
142,"Hardy, Cleatus",P,R,R,22,41,25,68,68,65,50,61,100,78,46,0,0,59,8,17,31,29,0,86,6,91,23,80,64.78440436455101,0.32707262739632553,0.3983456625296799,1.3859995558650569,2.096491770434885,4.346512017681054,0.10417554450173887,0.71471750519609,0.7254182899260054
259,"Hardy, Darron",P,R,R,20,35,75,78,27,33,20,48,60,63,50,34,30,52,58,41,20,18,6,63,33,92,32,70,125.97106570241021,0.38198914435213444,0.5514611325372655,1.7384522031839413,1.8404047577433325,5.754533366376779,0.04902385721785648,-3.5918468602742792,0.9334502768894
53,"Hawkins, Shae",P,R,R,22,36,88,94,41,33,90,86,81,40,55,54,23,70,26,21,83,47,4,91,31,35,45,85,136.20144798785344,0.3632805346280341,0.5145135270588255,1.608103362723493,2.7173858039695786,4.8205151521148,1.0675274187594188,0.8085129294446597,0.8777940616868596
97,"Hayes, Vinnie",P,R,R,18,49,40,71,40,70,48,54,90,45,47,0,0,62,23,19,22,44,5,100,40,100,32,75,67.75570439886084,0.34101158566894385,0.4450999775731047,1.4790562351005652,1.9172382229443568,4.785906731620591,0.0018251273522231336,0.39543072332711515,0.7861115632420486
112,"Haynes, Farmer",P,S,R,20,38,65,81,51,55,28,17,77,70,41,44,0,62,65,58,31,89,0,46,36,31,29,67,93.93998900165096,0.34221920334001976,0.4752087578787089,1.4910095207045941,1.8942626611230209,5.028617135509585,-0.02292811651850226,-0.08983317869436859,0.8174279612187287
496,"Haynes, J.D.",P,R,R,19,19,73,25,10,15,25,30,59,34,31,0,0,32,54,74,16,32,0,86,50,42,47,66,62.848357065629166,0.45514241231286856,0.6501725183531877,2.204333855313876,0.53765154116545,7.494986586638315,-1.8864354671257055,-10.807386995999325,1.1053149306660561
349,"Henderson, Lloyd",P,R,R,21,61,37,84,9,22,80,31,57,68,35,0,0,47,12,9,70,74,36,90,18,46,27,81,61.467351585181184,0.395216624826898,0.5863073320051452,1.8278805433516387,2.0944384357903743,5.7876566523183515,-0.6033049220429348,-4.730008705450282,0.9815239568320432
486,"Hennessey, Zephyr",P,L,L,20,39,20,29,27,23,84,70,80,37,45,0,0,34,62,49,49,33,0,26,29,34,47,87,54.06520224842652,0.4285141439803408,0.5758303117865398,2.0311467268742707,1.380788156987394,6.447999482988754,-1.3656424158521168,-7.0991631243656546,1.0043444557668806
395,"Hill, Joe",P,L,L,19,22,54,35,44,25,89,50,61,56,28,46,13,44,47,32,19,38,24,89,30,47,13,49,32.447331819907305,0.41843215004211226,0.5699770880986093,1.963701277667849,0.9482558786193054,6.305671019110902,-1.8241876282986287,-3.5487711906901818,0.9884092381407215
223,"Holden, Will",P,S,R,21,36,95,69,33,35,82,11,65,71,54,32,0,54,12,38,93,30,22,35,37,26,37,67,112.5778598008938,0.3832325115774845,0.5531160773111351,1.7466927378771993,2.0932564389436368,5.692723750687625,-0.04211750930370447,-2.3532128621911417,0.9363485888886196
103,"Hoover, Ken",P,S,R,19,42,61,94,23,43,100,65,72,59,71,24,16,63,35,34,96,35,0,60,23,94,65,79,89.75058718187108,0.3582283304141378,0.5102041756488858,1.5841894516642951,2.9912922057650637,4.7835798196654755,0.5041999113407073,-2.9576927082683557,0.8684325060630236
87,"Houston, Clarence",P,L,L,22,30,66,58,56,74,45,62,94,66,56,31,0,65,16,23,57,0,0,66,0,95,21,54,126.77105068039218,0.33579616991662203,0.41453930852930576,1.437566541344723,1.7010968143553848,4.671792938529402,0.08657366183467623,0.783884097714848,0.7503354784459277
166,"Hull, Paul",P,L,L,19,91,40,56,54,41,42,65,55,39,59,0,0,57,12,15,43,36,3,71,31,72,33,87,98.43611049303766,0.39001885981035145,0.5366860104628031,1.7867514931084103,1.863769560650873,5.8482476792335065,-0.9274422028322633,-3.249268445843859,0.9267048702731545
123,"Hurst, Bob",P,R,R,18,24,56,39,42,77,59,69,82,53,69,31,0,59,20,43,16,25,5,100,21,83,52,45,48.93721813260945,0.35857057841485085,0.4421011470467236,1.5806261485658766,1.2889076637078654,5.159331413322859,-0.4144328440049689,-1.3150041955713276,0.8006717254615745
13,"Huskey, Lyle",P,S,L,21,88,39,100,72,59,100,65,88,58,0,0,0,79,30,34,38,75,3,97,16,23,31,95,87.87795682356094,0.31931241842413155,0.422648586835932,1.3383761501016866,3.8582571677005193,3.929303973141015,0.6389585083102055,0.7049577085632512,0.7419610052600636
152,"Huskey, Steve",P,R,R,20,88,35,46,43,53,83,73,66,85,0,0,0,58,30,43,76,32,0,63,35,68,52,49,51.602673249187376,0.3794269613823079,0.48679814634536445,1.7147042829368666,2.0377372376169167,5.394940945563221,-0.30815589964511975,-1.1746793194906546,0.8662251077276724
326,"Iannone, Spencer",P,R,R,22,24,79,64,28,21,38,55,67,48,45,36,0,48,46,53,40,30,0,69,15,99,44,73,101.67733475428551,0.40614249050915674,0.5825112350575699,1.8877614626604489,1.6644954880343559,6.174966373525825,-0.2868275785590533,-5.26677960211441,0.9886537255667266
44,"Ibarra, Dellin",P,R,R,19,33,78,55,59,71,74,88,78,81,69,59,0,71,0,15,39,24,11,56,31,68,29,77,155.1995784035327,0.34272387127974047,0.42000460609490514,1.471874362841767,1.9044435795652717,4.602953159787527,0.7896437775321565,1.6202117049461837,0.7627284773746457
61,"Ishida, Yao-Hsun",P,S,L,19,65,35,91,52,69,58,79,87,44,0,0,0,69,12,71,56,45,7,95,23,67,45,65,73.50082675009709,0.32658398226699537,0.42774103170184696,1.3866664880684891,2.996123144074184,4.301830438043522,0.14914440732752132,0.8927121339361919,0.7543250139688423
171,"Jacobsen, Pierce",P,R,R,22,97,32,94,27,24,80,70,69,69,42,0,0,57,6,30,78,85,15,89,43,84,75,62,67.33378095791207,0.3753993260522873,0.5398759087949178,1.6930243250456134,2.78261640256718,5.123466477598934,-0.31544744094750427,-2.9959964988501353,0.9152752348472051
462,"Jaime, Placido",P,S,R,22,69,29,57,10,16,31,45,50,67,42,0,0,38,0,11,24,30,17,95,12,84,23,82,101.40398069994667,0.42345132716894895,0.6120281147291515,2.0035412490224687,1.3770389952973234,6.597083723703428,-0.8007016419360211,-6.715554592786016,1.0354794418981004
289,"James, Kerry",P,L,L,22,40,63,51,45,40,32,0,69,55,57,53,0,50,34,33,28,33,16,52,47,79,34,84,63.110697798645724,0.3862696638875409,0.5430426473565337,1.7708170309664162,1.5445488941241052,6.0890828236959305,-0.23325839179546887,-2.293023843707762,0.9293123112440747
450,"James, Willie",P,L,L,19,17,88,40,22,25,45,32,76,47,39,37,27,39,57,52,23,34,0,59,5,45,44,37,66.66778931287891,0.4191421237826958,0.587828588311055,1.9720061107392537,1.0847747649905248,6.570468012594132,-1.2451306573324032,-7.709644626248837,1.0069707120937508
250,"Jamison, Kenley",P,R,R,22,14,85,61,41,53,21,77,70,55,44,0,0,52,1,7,34,9,20,48,29,74,39,55,61.46776433097063,0.3732803722295819,0.5000381026220035,1.677252851949904,1.8359161014440142,5.5337111829635335,-0.2499359980740499,-1.1063409486598945,0.8733184748515854
51,"Jefferies, James",P,L,L,18,34,66,59,65,42,78,79,84,87,52,0,0,68,9,32,42,21,14,100,53,100,12,71,96.8664305009543,0.36390227962284327,0.462226983667344,1.6082732424317576,1.9282782725588778,4.902899289072322,0.3623065450546989,-0.8779643324324775,0.8261292632901873
170,"Jensen, Tony",P,L,L,21,45,68,59,42,40,85,35,68,60,49,31,0,57,18,29,62,37,0,45,48,65,43,84,75.90959178200427,0.38368410313975554,0.532281432201724,1.7472214832611135,1.7711327975247924,5.622192775477034,-0.2186327282545926,-2.0621162507698525,0.9159655353414795
71,"Johnson, Arodys",P,R,R,20,35,80,43,54,70,82,93,81,74,20,0,0,67,56,14,46,34,7,50,37,85,64,60,133.20252725247062,0.360383155930338,0.43686405171379666,1.5864240493956727,1.5257562859310496,4.95404085959115,0.048908961559227956,-0.40625007017624093,0.7972472076441346
18,"Johnson, Robin",P,R,R,18,26,63,82,61,77,84,65,90,54,70,61,21,74,27,61,50,64,21,80,39,62,67,68,144.10141418080067,0.3141616073602451,0.3990906865316898,1.3011065442318899,2.5000376776056443,4.003846893867048,1.1757922767095605,1.847083764901588,0.7132522938919349
256,"Kelly, Jackie",P,L,L,19,22,71,52,42,41,47,11,74,47,60,46,34,52,22,52,10,51,4,100,74,89,40,87,71.0038235142713,0.3849203373969573,0.535701530957435,1.7591341512439433,1.5110091079015295,5.914264597851174,-0.8986633644413515,-2.2903269881439345,0.9206218683543923
69,"Kimbrel, Sherman",P,R,R,20,28,63,83,55,61,42,87,86,68,28,37,19,67,31,62,24,89,16,66,32,51,33,33,115.40610877330082,0.3327195911168234,0.4293442845426022,1.4179651000673208,2.131021327595081,4.437745007192133,0.5384370502740864,0.8890291665960088,0.7620638756594256
4,"Kimura, Antonio",P,L,L,19,100,48,98,85,55,60,99,89,51,67,0,0,87,27,39,44,72,51,68,35,73,39,100,104.5643675150876,0.3194813962640686,0.41494844566912403,1.330677327008487,3.9467175238426337,3.9329363798612045,0.6290296044507746,1.1740494761820013,0.7344298419331926
473,"Kinney, Abraham",P,L,L,20,65,23,76,14,2,72,49,60,42,0,0,0,37,56,52,62,68,0,70,19,67,56,70,56.9701122383014,0.42462784516953805,0.6332785525146958,2.0156242781278015,2.1943085870997465,6.383288867963284,-0.5483866866241168,-5.032630912946443,1.0579063976842338
251,"Lankford, Peter",P,L,L,18,10,77,55,47,41,25,89,76,71,42,20,18,50,39,10,27,40,0,57,49,58,53,80,55.19859733563652,0.3801131197773141,0.49790031499048304,1.7151167899214614,1.5758804981544445,5.534126150250067,-0.33689181884491654,-1.2919957369172475,0.8780134347677971
330,"Lanning, J.J.",P,L,L,18,29,70,55,24,31,31,72,72,35,54,23,22,46,10,32,34,18,15,49,22,63,50,62,90.51146029036094,0.4053038619171941,0.5659375132702592,1.882318016402952,1.5266006804975738,6.165748332589881,-0.5246099849399564,-7.126192417491907,0.9712413751874533
261,"Larkin, Brian",P,R,R,19,82,35,64,28,32,70,47,67,66,57,0,0,52,0,16,78,26,0,86,34,87,23,98,62.71183789722622,0.39061874436952326,0.5460278152362157,1.7914205208270233,2.15945339465771,5.695443400819926,-0.2565245821140824,-4.921760076148689,0.936646559605739
234,"LeCure, Kip",P,R,R,18,43,32,78,52,48,19,39,58,41,25,0,0,51,27,10,19,71,0,79,31,51,25,82,62.382442005793365,0.36520920768983767,0.51584197058685,1.641551183326411,1.7446082690493856,5.517155931825549,-0.5611277282294312,-2.1098919411788155,0.8810511782766877
131,"Lee, Frank",P,L,L,21,16,68,27,74,48,96,71,77,89,75,54,27,60,39,43,59,32,8,79,20,81,60,62,58.00596512685529,0.3777300509780034,0.4599572627340694,1.6923530979262233,1.26151239282589,5.274059029367162,-0.7701004766286341,-1.639962559792938,0.8376873137120728
427,"Leone, Mitch",P,R,R,22,40,31,60,10,24,33,67,62,66,38,0,0,41,2,65,32,52,15,85,50,51,20,89,65.75209918764669,0.41002102282914044,0.5766749371484043,1.9154755420052179,1.4710011329295174,6.20580304493824,-0.5868804827154462,-5.172809548210869,0.9866959599775448
436,"Lloyd, Donte",P,L,L,20,17,72,36,25,24,45,43,67,38,57,49,19,40,53,22,14,29,0,95,23,81,39,61,48.837590260815745,0.4254177922104963,0.5952289291656744,2.009723677659305,0.8658568834287179,6.682257618457758,-1.982924182645938,-8.834844839165834,1.0206467213761707
377,"Lockwood, Harold",P,S,R,22,24,73,54,31,26,27,3,78,66,42,44,31,45,27,22,30,2,13,100,34,32,39,79,84.62572082141061,0.39674350710635403,0.5620008485293034,1.834673775002699,1.4915366714243696,6.204468093381031,-0.34027584077146805,-2.538632626078232,0.9587443556356574
96,"Long, Micah",P,L,L,18,67,25,91,72,51,86,53,79,39,0,0,0,62,0,24,53,80,0,71,23,82,60,100,51.66435291127772,0.3400195311370314,0.46413113130097566,1.477311764742599,2.694664518917257,4.552108085953208,-0.09976939922769953,-0.19068222692962844,0.804150662438007
492,"Lopez, Donaldo",P,L,L,18,32,22,45,15,34,42,29,77,62,19,0,0,31,26,12,23,15,0,60,38,50,37,35,19.02832069165541,0.40508133277083225,0.5569245688192446,1.8920615833812513,1.3393282780112146,6.279654380882104,-1.0372042414239917,-6.396684944562649,0.9620059015900768
392,"Lueke, Patrick",P,R,R,18,27,40,45,51,30,56,5,73,63,44,51,25,42,46,32,47,42,15,55,34,52,30,89,20.991083569316633,0.3939739780171576,0.5434570322628663,1.81977204059872,1.426160601371029,6.073017265263852,-0.8435573916607727,-2.4850123014403906,0.937431010280024
156,"Maholm, Thomas",P,L,L,20,79,34,99,37,36,47,58,65,53,54,0,0,58,29,54,34,35,0,80,19,95,34,70,56.99894942952441,0.3602858908347045,0.5227937627274044,1.6034374946962515,3.2536480090986166,5.06325774604374,-0.2752255832301591,-0.6989303897598881,0.8830796535621089
90,"Malloy, Clint",P,R,R,21,19,77,79,47,51,93,39,88,74,51,0,0,65,18,29,27,64,8,100,0,79,2,91,105.78275261239274,0.3469278589260868,0.46663047769716637,1.5113949307933148,2.3209358421677924,4.660142958847306,0.3498102961415561,-0.264902921108485,0.8135583366232532
293,"Malone, Oscar",P,S,R,22,44,86,47,31,27,56,45,64,40,36,0,0,50,37,28,34,14,21,73,55,45,0,60,106.11226708184704,0.4177831483480739,0.5902876730860558,1.9621728033651151,1.4089739171391853,6.451890367478207,-0.2744364625427593,-3.027784555483212,1.0080708214341296
500,"Martinez, Rigo",P,S,R,20,34,26,56,11,3,37,56,64,40,42,0,0,30,21,16,20,24,15,67,33,67,20,95,41.16335647814736,0.43692217650264975,0.6350363161934922,2.09050967723575,1.558956743172967,6.797998781828184,-0.6358317180029252,-7.184819381709965,1.071958492696142
27,"Masao, Tony",P,L,L,18,77,29,97,70,71,22,74,89,100,0,0,0,73,1,33,11,74,0,83,30,55,50,79,86.09439791684369,0.30047024988154475,0.37216268093866767,1.2180288791530076,2.9431338105889737,3.8055454390693075,0.5082344209192147,1.6832775014802468,0.6726329308202124
41,"Matthews, Nate",P,R,R,18,12,73,100,61,85,19,47,74,85,54,73,20,70,51,53,32,44,24,65,30,89,44,89,116.19248494457186,0.29168411926427384,0.38141880542875717,1.1648285834799397,2.94047850121294,3.8863134729688067,1.2346547164366637,2.7300921407021126,0.673102924693031
482,"Maxwell, Joe",P,S,L,21,30,76,27,9,10,44,49,44,70,38,31,0,35,0,0,49,15,10,89,34,70,21,81,114.43862169674478,0.45596065694386456,0.6472462403034802,2.2003796364645125,0.5986125565089447,7.309377754873783,-1.6443069890328939,-8.577603120024083,1.1032068972473448
226,"May, Cliff",P,S,R,20,70,25,82,31,40,53,70,87,85,0,0,0,54,70,35,21,41,36,69,47,80,39,54,46.11789794903258,0.3591488842972238,0.48302852038622257,1.5916755635317579,2.2428621365589576,4.929002233250767,-0.12576318145659782,-0.5291020113962897,0.8421774046834464
217,"Mayne, Charlie",P,R,R,18,85,22,54,41,46,88,60,90,80,40,0,0,52,18,0,49,12,4,71,47,89,44,64,37.54743471697848,0.3696327042485057,0.4753411845843621,1.653724813825801,2.495885362917536,5.099074888380198,-0.22751112030745457,-1.2537609005611488,0.8449738888328677
332,"McAdams, Bruce",P,R,R,21,15,68,78,28,25,47,31,69,50,36,54,17,48,20,30,5,70,10,100,29,81,38,81,72.1112519860563,0.38786767217087276,0.566381541554881,1.7779364684964798,1.9945821546182354,5.815148455892713,-0.1372456874519258,-3.9056758347646174,0.9542492137257537
153,"McCann, Jeff",P,L,L,20,58,32,70,48,40,94,88,79,70,31,0,0,58,31,48,72,40,17,54,64,74,62,65,53.153384765337925,0.36857803501990655,0.4857916180983104,1.6455433156436308,1.987562801138622,4.935029527288827,-0.19147787724658016,-1.0041448079378414,0.854369653118217
435,"McCullers, Alvin",P,S,L,18,17,61,21,20,25,63,67,76,40,48,0,0,38,44,36,58,49,9,68,14,64,59,55,33.593835858938476,0.43761275752965156,0.5894217095129972,2.083892166427566,0.7918864592332454,6.770433863107835,-1.5119831334239882,-9.166574615165294,1.0270344670426488
210,"McGuire, Brandon",P,S,L,21,72,48,60,37,29,97,44,82,64,20,0,0,55,39,32,84,17,5,54,21,61,58,63,55.966538628292035,0.3911524157401477,0.5380076009978765,1.794285884734171,1.8571072554850827,5.595973883719237,-0.2993055467920489,-1.371354705271788,0.9291600167380242
477,"Mills, Don",P,L,L,18,0,65,68,14,31,84,67,79,67,20,0,0,34,25,20,34,64,18,60,58,82,67,63,38.32181247984166,0.39244647266545335,0.5439278434134766,1.8011587807237708,1.6255431956000992,5.59491433925422,-0.6901691264609318,-4.228081500764564,0.93637431607893
347,"Monroe, Lou",P,L,L,21,30,92,83,25,14,22,35,63,65,39,28,25,47,28,23,0,73,25,54,18,21,29,97,152.1370897031724,0.39705518575414017,0.5922631358993753,1.8349330362754115,1.9778133425985445,6.051866133927749,0.13261608720265586,-3.0755833566871194,0.9893183216535155
135,"Montero, Al",P,L,L,18,67,24,49,58,58,89,79,98,66,0,0,0,58,8,7,57,24,8,93,32,36,67,70,62.76559349213091,0.35842113883204396,0.4357667766372938,1.5803822033216108,1.7593720597790588,4.831699731168296,-0.09389557596554153,-0.25402640617427924,0.7941879154693378
494,"Moore, Don",P,L,L,21,38,33,30,20,8,66,38,52,63,22,0,0,33,0,21,60,40,40,90,19,26,65,92,60.42160135692396,0.449761335679295,0.6338227120254785,2.168862821231901,0.7926084382425188,7.087258975957704,-1.8385382099792589,-8.277401618264205,1.0835840477047736
164,"Mota, Antonio",P,R,R,19,15,66,36,62,59,33,59,73,89,30,21,0,57,13,33,9,48,4,100,42,42,44,99,44.49075040452024,0.36915258329469314,0.4570974181738794,1.6468721292413688,1.2292383541648462,5.4600039200470345,-0.9272650152455373,-1.3580360641662408,0.8262500014685725
14,"Nappo, Will",P,R,R,21,63,41,100,70,63,100,89,86,50,0,0,0,79,44,17,61,47,25,93,45,86,40,82,89.49583924902791,0.31926757468742634,0.41598781752557146,1.3357077681854614,4.269742439006834,3.863771530294269,0.7165671761520518,0.8126201553409396,0.7352553922129978
391,"Nieves, Vic",P,L,L,22,87,26,51,27,44,28,31,71,50,53,0,0,44,22,27,41,16,16,73,19,44,27,77,54.435133925153245,0.39037603072037563,0.538921732036969,1.7964120369366643,1.7010758673168795,6.037116585319264,-0.9947743255000807,-6.2591582405491515,0.9292977627573447
76,"Norton, Claude",P,R,R,22,55,37,91,53,45,53,89,91,64,60,0,0,66,45,32,36,67,17,63,45,97,40,82,50.79816130103644,0.3410541638080277,0.4530870014270728,1.4720496289588796,2.5369859920277755,4.44967257996305,0.040636048696294315,0.12179258627545608,0.7941411652351005
157,"O'Brien, Bobby Joe",P,R,R,22,38,77,62,38,28,89,64,70,34,41,39,0,58,87,23,68,22,28,89,20,61,27,68,95.77435976333042,0.40006374496558694,0.5631206531145231,1.845470771336705,1.7110042602278255,5.8134470583664095,-0.10030664643170548,-2.4400590005685987,0.96318439808011
46,"O'Connor, Jeromy",P,S,R,22,32,75,43,73,68,92,76,73,57,56,52,0,71,14,40,86,15,6,91,49,35,30,81,113.98404185686601,0.35732099352970453,0.4414204132903455,1.5666874295842033,1.4088282109620762,4.94336982398203,-0.015479530159817406,-0.18444346749971569,0.79874140682005
292,"O'Leary, Carl",P,R,R,20,30,88,81,19,21,70,45,53,67,45,33,23,50,20,1,36,80,0,64,34,33,32,68,155.86829832458378,0.397322221790953,0.5882414059677603,1.8335427773834594,2.007275511628708,5.852639741444527,0.3193175584908665,-3.5084374004634613,0.9855636277587133
379,"Ogando, Ubaldo",P,L,L,20,28,72,28,31,31,71,64,68,52,38,0,0,45,17,9,41,26,0,70,40,66,48,70,74.66957341833543,0.42428521183139556,0.5703212631788898,1.9981898029421672,0.9209081988448085,6.46699866512842,-1.1106727269932348,-3.7036779842431002,0.9946064750102853
483,"Owen, Ezdra",P,L,L,22,69,28,53,17,5,84,46,54,46,0,0,0,35,51,17,64,31,7,56,38,75,21,77,73.1302921186365,0.44036982714036377,0.641161592990864,2.1129564602538853,1.5944404840874644,6.756423414286934,-0.7283093329491258,-7.165692988847133,1.0815314201312276
29,"Owens, Torii",P,R,R,21,37,83,73,57,72,78,88,86,58,55,46,27,75,1,33,20,10,0,67,5,95,28,65,169.62201458388012,0.3310676685852569,0.4174879825596166,1.4021877614703433,2.281091027590047,4.304586108725169,1.19403505625628,1.828811172768796,0.7485556511448734
10,"Pall, Anthony",P,R,R,18,15,78,89,63,87,77,80,93,65,79,52,48,79,37,48,86,93,21,87,41,92,42,63,137.82648563660553,0.2952292351772706,0.3607443898990647,1.1771349984692139,2.9281108608509094,3.5348685131068036,2.111949908123371,4.864008547399444,0.6559736250763353
168,"Paul, Anthony",P,S,R,18,83,21,70,58,55,95,32,74,58,36,0,0,55,38,20,22,45,0,63,33,80,26,59,47.363345682291204,0.35284630853052545,0.4745446594882249,1.5578321815222562,2.2042686936537397,4.9079305391908905,-0.3051840277662175,-0.6176514743917437,0.8273909680187503
460,"Paxton, Glenn",P,R,R,19,50,12,95,20,16,77,47,61,43,34,0,0,38,40,15,52,76,10,76,25,80,17,93,46.05304411681352,0.39143910651703684,0.586289067577408,1.8076858384683667,4.008655750315661,5.639293606996392,-0.3235718041163295,-2.9561597855651134,0.9777281740944448
442,"Pena, Yonder",P,S,R,19,38,36,79,17,14,40,43,54,55,35,18,23,40,0,38,8,100,5,88,7,39,43,74,69.75269259575062,0.4060119944867654,0.6023031835171055,1.8967300782057461,1.797587094897251,6.15772585092518,-0.5366668595551422,-3.6171898169246255,1.0083151780038708
410,"Pennington, Crash",P,R,R,19,55,38,88,12,10,45,49,62,36,0,0,0,43,33,54,29,50,21,78,33,67,39,83,55.481465473847365,0.4094081403246888,0.6179634934127023,1.92054379740418,2.1984941367886104,6.1822295862077015,-0.44822590081944014,-5.267883375693768,1.027371633737391
324,"Perkins, Endy",P,R,R,21,14,80,26,41,44,40,61,88,46,48,28,32,48,51,27,12,19,0,100,57,89,44,62,44.185800043969,0.40076108418217565,0.5172702729727133,1.8471965752143875,0.9806848514930124,6.097621292585794,-1.3855266859779416,-2.5361986379515313,0.918031357154889
132,"Peters, Mac",P,L,L,22,31,67,58,65,53,41,53,63,44,51,21,0,60,27,24,42,14,3,87,29,18,16,79,101.72948194393582,0.3692853458175351,0.49643252792377296,1.6547452012430712,1.8565216486226856,5.483496450191181,-0.26595853251322954,-0.8056942375681135,0.865717873741308
487,"Pineda, Javier",P,L,L,20,53,25,50,25,13,42,26,70,37,37,0,0,34,30,22,34,27,18,65,2,45,14,93,37.251617509145866,0.42508849682767597,0.6115542315470816,2.0195881063301178,1.5054363613730684,6.683957917541829,-0.837439401502916,-7.581449907461899,1.0366427283747575
17,"Pirela, Juan",P,R,R,22,68,45,69,61,85,93,83,77,70,54,0,0,76,23,53,54,17,0,58,6,100,82,73,102.88424660918044,0.32216815624091527,0.3919837037739627,1.3504207562886317,2.4375791396049085,4.107488056845403,0.5686516875538669,1.2976024408910434,0.714151860014878
167,"Pressley, Freddy",P,L,L,21,75,36,82,34,28,89,53,88,66,0,0,0,57,13,57,59,83,6,74,38,58,52,69,60.0020487252425,0.3737643844778469,0.5210927549930691,1.68581660224211,2.2842431744500065,5.146741184620493,-0.12156574941392774,-0.7053068984159491,0.8948571394709159
207,"Prince, Chad",P,L,L,18,71,20,69,62,69,53,0,74,42,50,0,0,53,40,52,39,16,24,86,8,87,31,57,56.41389818437229,0.3399431601905092,0.46086826667346525,1.4845032479739644,2.0421256168113904,5.016938214163653,-0.33854133886890714,0.06994136956058433,0.8008114268639744
221,"Prince, Joe",P,R,R,18,48,27,86,37,44,23,90,66,79,0,0,0,52,41,27,34,84,7,65,20,53,48,65,49.55819039644313,0.3595147815820251,0.4881279854695482,1.594639937011088,2.0668507794089908,5.056529814319087,-0.31352892200484916,-0.4573840720697485,0.8476427670515734
85,"Putkonen, Emmett",P,R,R,21,34,81,47,44,56,82,71,66,85,58,62,36,65,55,43,76,25,31,72,32,78,60,100,118.7821411341529,0.3709559747104909,0.47762254774733065,1.653727409615992,1.6537317739040982,5.232415557645731,0.00784300822059842,0.1864707009630751,0.8485785224578215
68,"Quinn, Paul",P,R,R,18,26,77,28,60,70,88,55,100,80,72,72,35,65,9,26,75,31,17,69,39,72,83,61,142.50360556820328,0.35335417186551177,0.4155375058729805,1.5404441511991207,1.3297869061836105,4.898541355271371,0.23994792538956924,1.6096487991313866,0.7688916777384922
325,"Radmanovich, Harold",P,L,L,19,16,53,86,36,25,73,37,63,67,21,30,0,48,15,29,74,95,14,72,54,54,43,60,47.12249858957194,0.379600527644533,0.5515289387254487,1.7267721765084665,2.1722156536434714,5.476629724394236,-0.6855125730456886,-1.2208060279100963,0.9311294663699817
60,"Rakers, Sandy",P,S,R,22,79,43,94,42,53,75,80,73,54,0,0,0,69,0,42,49,63,0,84,23,100,53,72,66.31637084323428,0.34697691573064443,0.47661632330939896,1.514318414849906,2.72468805830956,4.627349285743007,-0.23236159584286403,-0.4269360509272696,0.8235932390400433
232,"Ramirez, Nipsey",P,L,L,22,73,26,68,40,53,35,33,80,64,40,0,0,53,39,52,40,3,3,78,29,82,14,83,51.09746180689835,0.35838717249174695,0.48448118277667296,1.5933682271963645,1.8856769052890983,5.257152168150471,-0.396670150056764,-0.6150290891107316,0.84286835526842
86,"Ramos, Al",P,R,R,18,42,21,85,57,84,93,63,84,93,47,0,0,63,7,30,53,79,10,97,21,56,56,56,61.687750087936294,0.302500090788576,0.36736441019026295,1.231101588485103,3.1112760012490988,3.664762604381864,0.5352484734214991,1.3008674647582024,0.6698645009788389
224,"Ramsey, Stuart",P,L,L,22,64,29,86,21,36,95,78,67,54,47,0,0,54,32,31,41,49,0,100,35,48,26,82,53.00271292760053,0.3757669107404945,0.5304479008446898,1.695921787555808,2.1876634495124,5.12177130271151,-0.20302070831597813,-2.9928992802009073,0.9062148115851844
446,"Randall, Jerrod",P,S,R,21,9,89,40,23,25,51,31,70,65,25,0,0,39,66,68,25,27,14,76,30,57,49,69,44.57326841765671,0.4202998965592796,0.5857624100725521,1.9788793280908292,1.2033636981813876,6.552161502978514,-1.3770880288286618,-8.042439224691883,1.0060623066318317
351,"Recker, Sal",P,R,R,22,49,42,55,17,42,42,48,68,55,38,27,0,47,7,45,48,23,11,86,39,71,29,85,64.10572951480596,0.3934462711540211,0.5448023192445053,1.8114347424928967,1.4966502963621513,5.978026315548491,-0.533211518470066,-5.706496034337439,0.9382485903985264
218,"Reed, Tarrik",P,L,L,19,48,29,54,54,43,58,74,89,51,57,0,0,54,64,20,29,36,10,90,36,26,32,93,45.18987336835839,0.3738074021883928,0.48361309677328046,1.6800313897296228,1.9565629392467851,5.288067624143523,-0.10850574843733113,-1.2158784898053907,0.8574204989616733
114,"Riedling, Charlie",P,S,L,20,22,71,97,41,29,96,43,84,69,32,43,0,62,8,22,48,46,9,100,24,89,47,82,114.39158463836085,0.3574946462237437,0.5112948167640312,1.5794431784448772,3.319895355922785,4.791293260984479,1.0013576865862273,0.273551601667242,0.8687894629877749
233,"Rienzo, Yasmani",P,L,L,20,23,69,90,48,25,23,51,68,40,35,49,25,53,16,27,38,79,0,49,21,58,11,100,93.97842657721914,0.3749514884586689,0.5491244398568087,1.6965935605200202,2.070498184547107,5.5579190040845505,0.13706082496032967,-1.1125317619739663,0.9240759283154776
149,"Robertson, Heinie",P,R,R,22,65,38,67,46,51,34,78,69,65,0,0,0,58,34,21,6,47,31,80,30,15,45,71,62.77251767222259,0.3667101016596038,0.486228434284803,1.6385782013023549,1.7101797564087817,5.285034291113848,-0.4696814242512092,-1.041578016074651,0.8529385359444068
310,"Rodrigo, Octavio",P,L,L,19,82,24,77,15,28,95,73,74,49,35,0,0,49,45,10,57,19,0,100,14,85,52,87,51.92297752958147,0.39117670672606425,0.5528754479609654,1.7939336017798628,2.260436742061538,5.460845443880105,-0.1540649597981348,-3.7127917573090135,0.9440521546870297
472,"Rodriguez, Gustavo",P,L,L,21,27,77,23,20,11,69,43,57,65,21,18,22,37,24,27,37,29,0,90,17,52,53,79,118.70117331960421,0.4512567483516685,0.6288339315714996,2.1711388238783953,0.7748014452719827,7.100904075471394,-1.2237979388868505,-8.414605325320252,1.0800906799231682
262,"Rolle, Justin",P,S,L,19,26,71,87,22,23,87,52,69,65,43,57,6,52,2,53,80,100,16,42,28,72,56,74,101.4710272580123,0.3832679659720889,0.5596306941396723,1.7438776690318967,2.222830857829308,5.425251743293861,0.3355002626069705,-2.6628890034719754,0.9428986601117612
322,"Romero, David",P,R,R,21,42,33,78,34,38,17,34,63,65,30,0,0,48,30,27,17,81,3,100,39,82,46,77,60.51082489682135,0.3735459203930711,0.5308753200420055,1.6918653886001271,1.8043996970519989,5.632695545716888,-0.6266015525584856,-2.6033489574800233,0.9044212404350767
323,"Ryan, Branden",P,R,R,21,32,84,45,19,45,65,37,67,57,43,3,0,48,17,54,36,27,0,77,12,41,23,62,101.58084416729145,0.40072178890079807,0.5525279864130158,1.8544279929693437,1.2828824146839943,6.1121620164889485,-0.4024866628805139,-6.499927980814052,0.9532497753138138
352,"Ryan, Jim",P,S,R,19,69,11,82,36,39,82,65,74,72,30,0,0,47,13,34,64,58,18,77,16,89,51,64,39.46152115187892,0.3638017790480753,0.4983841326016823,1.6231998303196842,2.4404529682553857,4.956541602922738,-0.28289371750988374,-1.6837152459876497,0.8621859116497577
20,"Saenz, Rando",P,R,R,18,78,38,60,60,75,85,94,98,64,0,0,0,74,34,45,95,31,30,86,33,89,65,47,89.44827982729632,0.3347513409194549,0.39647934738264323,1.4277884281716169,2.0999867305622204,4.3146868927940485,0.20419085827916492,0.6242912540959454,0.7312306883020981
275,"Sample, Tyrell",P,R,R,22,27,84,34,16,45,89,66,75,52,52,24,0,51,21,34,97,13,0,98,9,55,53,90,88.860854272095,0.4078839189043997,0.5436622969466618,1.8904935086611843,1.0184492890003385,6.042148595836118,-0.9091893471935782,-7.237684929270621,0.9515462158510615
77,"Schoeneweis, Alvin",P,R,R,19,56,52,95,43,35,100,69,65,41,27,0,0,66,39,24,48,41,23,95,41,94,38,89,47.94239020062091,0.36772404891995625,0.5282671787724079,1.646529885283673,2.968275789861966,4.9798331445978175,-0.05476333450818214,-1.7648428576726054,0.8959912276923642
353,"Sellers, Marvin",P,R,R,18,34,64,57,11,30,88,29,62,38,49,31,17,45,49,27,44,36,48,80,25,50,75,95,79.69899221611189,0.41117953193536977,0.5953329731438346,1.9260192890414065,1.6156905439772902,6.242758865087717,-0.23081933540044589,-7.294553902998753,1.0065125050792043
378,"Sewell, Matt",P,R,R,18,19,73,42,20,45,51,33,80,69,32,19,17,43,0,7,19,18,0,74,56,57,35,56,71.26448859742847,0.3935756625044389,0.5297327425906345,1.8099596614498363,1.086427671877665,5.995965762813183,-1.1384976941647431,-6.3606583814594835,0.9233084050950734
130,"Sexton, Ken",P,R,R,18,51,10,76,73,89,100,64,76,54,56,0,0,58,14,52,67,30,27,95,22,7,45,57,55.31273035971515,0.30950623558266466,0.37787378620237605,1.2788088166504126,3.1989385562891695,3.8938055151083075,0.7363004879009372,1.1607516018459918,0.6873800217850408
495,"Sexton, Marty",P,L,L,18,37,4,70,17,35,36,78,83,59,24,0,0,30,30,0,13,45,25,57,29,19,38,67,33.38879545769926,0.3825726222409245,0.5210689822970893,1.7446064514971265,2.047949944030585,5.539931722334986,-0.21734971654443633,-3.604303202448166,0.9036416045380138
437,"Simmons, Houston",P,R,R,22,59,22,75,16,11,79,47,64,48,40,0,0,40,23,38,59,42,34,82,7,76,29,95,43.206194911354565,0.41125284066269946,0.6037845774580717,1.9282710076507867,2.2018743918291497,6.061052481299139,-0.3809963379666382,-4.198693691712361,1.015037418120771
252,"Sinclair, Earl",P,R,R,18,13,75,48,23,52,85,71,79,66,33,21,0,50,16,7,47,14,36,72,27,54,57,66,74.86908917584658,0.38414911249256967,0.5039255315180888,1.7425649086581543,1.614123174867451,5.50447788511793,-0.4842592106873365,-3.681589789793436,0.8880746440106585
89,"Sinclair, Landon",P,L,L,20,34,78,65,64,57,34,100,68,57,73,30,29,65,0,31,34,5,0,40,24,78,39,61,132.96182796312107,0.35563783153220785,0.46081102550780384,1.5586074830786563,1.9267758801545827,4.981281735642436,0.8491366220828198,0.8502272821676934,0.8164488570400117
463,"Siqueiros, Geovany",P,R,R,20,17,64,66,14,11,19,42,62,63,44,27,8,38,27,17,8,33,13,89,53,49,43,56,88.53247585257873,0.4162188457055507,0.6084243651779417,1.9559244275120475,1.6229151074725456,6.469668881654961,-0.5497611417701289,-5.194068711176138,1.0246432108834924
445,"Smith, Jim",P,L,L,18,45,26,63,29,22,34,10,60,69,40,0,0,37,1,36,17,40,6,82,22,39,55,59,44.12400574965801,0.40118269267211176,0.5791443918416074,1.8697984823323925,1.7410636983227612,6.240111774456434,-0.573646942859505,-5.115562255047795,0.9803270845137191
37,"Sparks, Alex",P,R,R,22,37,59,83,50,76,92,61,86,58,55,24,0,73,4,29,100,52,0,84,6,58,23,74,93.74253519113554,0.32161209963467735,0.41578799603619765,1.3508143572542473,2.571549186285362,4.143252391552794,0.3900538279556762,0.8926166057132037,0.737400095670875
449,"St. Clair, Douglas",P,R,R,20,27,18,79,36,34,28,54,78,63,28,0,0,39,8,18,24,36,3,86,43,37,14,46,33.40452597746084,0.3705901232674495,0.5137978821133315,1.6708678887505597,1.8970114781132745,5.387740780444604,-0.36239737998840094,-1.02003367038576,0.8843880053807811
28,"Stearns, Rich",P,L,L,18,20,94,88,64,47,100,95,84,86,58,66,65,73,40,29,36,49,19,40,48,64,14,69,157.1513172631359,0.33457621332335635,0.4358079971185519,1.4203052080575178,2.717963941017356,4.098225279868753,1.584161269269118,1.3539355803465205,0.7703842104419083
498,"Stein, Tex",P,S,R,20,43,19,14,27,19,87,39,69,38,0,0,0,31,28,41,76,26,6,86,22,77,20,77,16.40742345331173,0.44869276802843094,0.6095200712737499,2.1634018724837394,1.1360065664413586,7.045185447170663,-1.753405588109096,-8.766853104236079,1.0582128393021808
417,"Stein, Willis",P,R,R,18,20,56,34,17,31,75,53,78,31,54,0,0,40,46,43,90,23,28,33,18,99,38,54,28.950416324682603,0.4234265319157452,0.5818664226034311,2.0003226316272444,1.1072457151505237,6.490392478923534,-1.4436487731845435,-8.3082093376352,1.0052929545191764
70,"Stone, Stu",P,L,L,21,60,27,99,64,54,80,78,78,65,34,0,0,67,38,15,86,84,10,95,44,56,20,87,62.77764739435186,0.32751491445435055,0.43668075359956204,1.389842942471205,3.0381234815007843,4.1271499137948195,0.03911701724349725,0.40385891025966,0.7641956680539126
295,"Strong, Bob",P,R,R,18,21,100,76,26,24,28,83,72,61,42,26,34,48,4,21,27,36,0,33,41,16,32,43,107.75837530520913,0.391687511426863,0.5557853508887991,1.791336107342245,1.9850446999215048,5.737496547462379,0.3393126575023107,-3.832756710938956,0.9474728623156621
478,"Suggs, Mike",P,L,L,19,44,33,63,20,16,47,0,50,64,32,0,0,36,35,19,36,15,22,71,37,80,14,68,65.32710559730096,0.4155418307645775,0.616485533942287,1.963750399120956,1.578809508901258,6.564518804089592,-0.5488567887517707,-5.625963280078305,1.0320273647068645
393,"Terdoslavich, Ken",P,L,L,20,25,63,68,23,9,90,22,72,51,55,57,5,44,84,36,41,45,7,63,51,61,7,82,80.30345865458102,0.41085705145434903,0.6053537506785405,1.9224788061671396,2.0984033695611677,6.130230875333821,-0.15501878220663454,-4.320365497446657,1.0162108021328895
277,"Teut, Cap",P,L,L,20,56,26,89,43,27,84,60,69,44,36,0,0,51,20,30,90,31,14,90,32,50,33,47,43.32693224496449,0.3755242306578208,0.5381418276699506,1.699532697007707,2.7223943434837126,5.22100203143362,-0.33540099916865934,-1.2508977071847371,0.9136660583277714
258,"Thompson, Billy",P,L,L,21,38,68,66,28,26,28,58,57,60,55,42,44,52,20,47,31,3,13,70,32,95,38,97,120.8040290208978,0.39824766459024136,0.5685463699559066,1.8384968470523175,2.0613867794978846,6.0309019664841195,-0.21417932332281886,-5.426584704119914,0.9667940345461479
208,"Thomson, Jeudy",P,R,R,22,70,39,75,34,47,26,34,74,45,0,0,0,55,30,30,6,70,3,100,20,63,43,74,60.45386421764891,0.3695058749523341,0.5194005778809401,1.6666891773423569,1.8736590081733473,5.559133437256712,-0.47404623692744374,-1.942590714697769,0.8889064528332742
143,"Tomberlin, Marvin",P,L,L,21,17,65,90,46,37,98,36,80,53,32,43,0,59,32,30,48,48,0,100,40,62,36,81,89.72428507422299,0.3578512088192305,0.5088969400201231,1.585156165605829,2.5472764598924114,4.900618644151285,0.43186216464151067,-0.44625732003505436,0.8667481488393536
278,"Troncoso, Julio",P,R,R,18,35,54,80,9,30,54,38,87,39,50,14,14,49,69,39,26,38,20,100,33,100,31,98,40.72853606188551,0.38451439643497143,0.5566460053918614,1.757851174511294,1.9991075852536164,5.643350456976981,-0.12312137375456132,-4.392263076033778,0.9411604018268328
72,"Tulowitzki, Bobby Ray",P,R,R,19,38,78,98,36,31,95,68,69,47,62,35,29,67,44,26,83,51,3,89,34,87,44,88,137.55831177012558,0.36609277673522644,0.5320076941968045,1.6317110865952027,3.2981235720360065,4.929699393226857,0.20981022120851717,-0.4248664134950939,0.8981004709320309
328,"Turner, Pat",P,S,R,21,74,30,69,26,33,72,53,70,43,0,0,0,48,31,31,46,50,0,73,12,44,49,83,57.690862297873146,0.39289991990428474,0.5551246614026771,1.8114688354246016,2.032934239199705,5.769595995351558,-0.3230717887174296,-4.374882492123354,0.9480245813069619
430,"Turner, Rondell",P,R,R,19,22,85,42,26,28,35,39,62,36,44,21,0,41,32,20,7,21,1,70,0,63,37,86,91.89013376587604,0.4221383263027822,0.5986442863995711,1.9918967534518561,0.8132083062458151,6.703606418060547,-1.201028866964854,-7.958603548941803,1.0207826127023534
418,"Urrutia, Pedro",P,R,R,18,51,37,24,29,32,33,48,61,64,44,0,0,40,33,5,14,17,0,80,55,24,42,82,54.396356317249115,0.4240937653918239,0.5702690359686263,2.002922334924421,0.7504915016746762,6.693636469584734,-2.2470388961891623,-6.8520585552314905,0.9943628013604502
308,"Velazquez, Benito",P,R,R,18,33,61,39,20,34,83,49,64,61,54,41,47,47,54,22,97,17,14,76,39,77,55,90,56.241908884230156,0.4112345663637746,0.5630526383206094,1.918694980843389,1.1350462451334409,6.173324762189422,-0.8964142411171965,-6.657971062801814,0.974287204684384
209,"Vernon, Justin",P,R,R,19,97,26,57,43,38,96,100,76,26,0,0,0,55,26,0,90,15,20,88,31,23,23,100,29.314875793021724,0.3943004959015597,0.5270523634251276,1.8089717369077722,1.7712652863971472,5.525970981768016,-0.16524747539023177,-1.285550237388096,0.9213528593266873
416,"Weathers, Rick",P,L,L,22,52,35,67,25,9,77,50,53,48,49,0,0,42,28,47,60,25,0,71,28,84,39,79,72.29190600187692,0.42076988389354963,0.6165242485600657,1.9863853408878267,1.8331215358105735,6.3013677882585,-0.42420971965099424,-4.935052418637606,1.0372941324536153
255,"Webster, Trent",P,R,R,20,25,92,92,20,25,70,42,50,76,36,33,0,52,18,19,57,52,22,58,26,24,77,76,166.42356736285004,0.38519415902466203,0.5761668905326652,1.757673039431067,2.425272620632833,5.604470544803401,0.5075985710787775,-3.1925118607224885,0.9613610495573273
465,"Weiss, Brock",P,R,R,18,20,68,22,16,10,82,49,59,58,32,24,33,36,27,25,74,17,4,94,29,100,57,97,64.24025127714789,0.45364627561421655,0.6309213972567045,2.186004473747488,0.863667228454826,7.067669112603749,-1.6646266313274145,-7.549779593980229,1.084567672870921
189,"Welsh, Alex",P,L,L,21,29,74,66,54,34,91,18,75,46,56,45,0,56,34,36,64,51,0,41,42,69,28,83,88.27698494443653,0.379086059486101,0.5367611231215021,1.721124993681253,2.063255987900204,5.545762810148781,-0.3522606271931147,-1.149403058748747,0.9158471826076031
62,"Wheat, Len",P,L,L,19,38,76,76,49,48,93,74,68,73,51,43,0,69,57,41,68,85,18,44,33,86,44,70,107.84342611580358,0.3586985186890349,0.4850953076604398,1.5804702154099326,2.239718171651416,4.85110687756809,0.39592491283539183,-1.0456315610573859,0.8437938263494746
408,"Wigginton, Vince",P,S,R,21,60,29,83,17,26,32,34,52,67,37,0,0,43,3,0,44,73,32,82,22,32,34,73,71.31562272878234,0.39055909127120797,0.5766061249809169,1.8008650499685643,1.9446031088456082,5.914260667789264,-0.5886355673914839,-4.502390420314608,0.9671652162521249
113,"Williams Jr., Darrell",P,R,R,22,38,62,89,29,42,71,76,69,58,53,42,45,62,7,24,87,59,0,55,38,100,48,97,94.93226810197322,0.36151238537134517,0.5088708759191172,1.6044463052519864,2.4797715457723815,4.956532194460367,0.40790377367653397,-2.222924131585402,0.8703832612904623
91,"Williams, Omar",P,S,R,22,60,43,99,37,47,80,62,65,60,51,0,0,65,36,51,80,42,0,85,23,73,40,84,62.8741211086101,0.3492294753701882,0.4960178114570049,1.5307814610868782,3.17386312892347,4.693155244957595,-0.17754348704752432,-0.7080127723999279,0.8452472868271932
19,"Wilson, Candy",P,R,R,18,31,37,84,78,100,96,76,92,66,44,0,0,74,28,41,35,72,7,81,22,44,16,74,86.90280414082322,0.284971980702664,0.3270617760280731,1.1184248736846893,3.4719229077705656,3.3052984041833096,0.8092746669806641,1.9132174821468169,0.6120337567307371
225,"Wilson, Kenny",P,R,R,21,82,26,77,18,47,100,83,74,55,0,0,0,54,4,52,39,27,2,99,19,59,37,70,52.19249068398214,0.37284552082266786,0.5088851886323962,1.6770493494302672,2.159534544284147,5.072222671010599,-0.19904941743467278,-3.1147926259739713,0.881730709455064
439,"Womack, Don",P,S,L,18,26,44,37,27,26,50,68,59,39,37,12,0,38,29,46,14,26,13,83,0,76,47,44,43.24390948374669,0.4272664383265018,0.5893850071942945,2.0225130176720305,0.7746785062843402,6.614149281371317,-1.5869571864966703,-7.77234236769543,1.0166514455207962
407,"Workman, Austin",P,R,R,22,66,7,94,34,30,85,77,70,34,0,0,0,43,15,39,86,73,0,63,26,51,55,62,31.100194528195022,0.3750127733149357,0.5377281241336889,1.699625813663972,3.2308880692664133,5.174063558877222,-0.29040588201669104,-1.436238928047358,0.9127408974486246
150,"Worthington, Brooks",P,S,L,19,100,30,61,48,42,77,90,67,60,50,0,0,58,18,31,80,15,0,60,19,77,28,97,47.82528084224928,0.379379479459937,0.5042900234716822,1.712789231348974,1.655266439595634,5.288458032088193,-0.36501928123187943,-1.657965076292662,0.8836695029316192
172,"Young, Devon",P,R,R,18,30,86,71,35,32,50,49,71,66,45,0,0,55,19,51,40,67,0,59,44,74,11,73,120.20152717117695,0.38452500251150296,0.5419987161401902,1.750869022715539,1.7587818086041103,5.649759895092233,0.06518689223654357,-1.63505765353784,0.9265237186516933
499,"Young, Tanner",P,S,R,21,54,20,51,5,18,48,7,51,61,32,0,0,30,27,21,44,21,24,83,39,61,15,74,43.74419975006034,0.42781435792289807,0.6263731257631009,2.0405870249156233,1.4694317819452087,6.825278988492739,-0.547056679873885,-6.607820014357321,1.054187483685999
493,"Zurbaran, Julio",P,R,R,18,67,20,48,9,5,28,65,56,54,23,0,0,31,41,21,25,19,12,63,39,100,12,78,84.19230016432792,0.4429130745383273,0.6352794171832402,2.1260329924966133,1.2759356237039408,6.952237187821682,-0.8495522431258629,-7.253122394832607,1.0781924917215675
