Rank,Player,Pos,Bats,Throws,Age,Contact,Power,LH,RH,BattingEye,BaseRunning,Bunt,Push/Pull,OVR,Range,Glove,ArmStrength,ArmAccuracy,PitchCalling,Durability,Health,Speed,Patience,Temper,Makeup,xAVG,xOBP,xSLG,xPA,xInn,xFld%,xOPS+,xwRC+,xBtR,xBsR,xFRAA,xFR,xcFR,xOPS,pcR,RLR,pos_adj,xWAR
167,"Adams, Brant",1B,R,R,18,56,0,21,46,39,61,68,28,55,63,47,36,68,7,84,100,84,70,18,76,0.2703999999999999,0.3022383333333332,0.2910699999999999,530.5148571428571,899.4852661117911,0.9231834469022838,60.845288374095645,55.950374154552826,-48.47628102755859,4.194156560067529,1.2907240293138567,1.1420241437093,-0.015041498866970319,0.5933083333333331,0.0,17.683828571428567,-7.7116363692711865,-3.3429845509428264
37,"Adams, Earl",DH,R,R,18,100,60,46,69,88,28,53,45,69,23,24,30,26,10,100,85,6,82,16,71,0.29097533333333336,0.38781166666666655,0.4421508333333333,597.79,1163.366964623332,0.48369332665370485,119.68202551597669,102.97411831318804,13.139718557776826,-7.465278423127443,1.1283217339710523,-1.761125706009882,-0.7172312573431433,0.8299624999999999,0.0,19.926333333333332,-15.958394576451742,0.794349391726897
71,"Additon, Darron",DH,S,R,20,89,53,65,44,84,49,7,62,63,24,21,37,25,0,85,78,35,72,88,53,0.2668933333333333,0.34850666666666685,0.43380500000000005,577.9408333333333,997.802213864401,0.2957415740943449,98.45723664333892,82.84660682660574,-2.702550067490946,-7.178578630992681,0.17656198275111268,-3.52593189992943,-8.893751054416972,0.782311666666667,0.0,19.264694444444444,-13.68727316686421,-0.7891472441680393
287,"Alarcon, Willie",2B,L,R,19,16,26,26,49,64,49,45,55,48,87,65,82,92,0,52,93,62,18,66,74,0.23900166666666675,0.30207833333333334,0.32437190476190453,461.78857142857146,682.802326798439,0.9386883494515874,60.11944832425334,56.84338054704676,-38.20249576275787,-0.7264956179831524,2.8686228116207384,3.09780640519471,-0.527429717785594,0.6264502380952379,0.0,15.392952380952384,1.1707858827133726,-1.9419607790078608
292,"Alexander, Rickey",LF,R,R,22,25,1,23,31,31,85,51,62,48,83,52,40,72,1,77,100,90,78,27,37,0.2103100000000001,0.27815249999999986,0.2719750000000001,491.75,792.8493521921337,0.9315172775426579,57.375266903243926,51.21904940851722,-53.07000128320353,8.258231962612022,1.3378103120595937,-1.2980886791724147,-0.012163313838649622,0.5501274999999999,0.0,16.391666666666666,-4.078443169712622,-3.406353714031618
79,"Aparicio, Paolo",1B,L,L,18,0,75,35,42,100,29,21,25,62,40,36,54,51,23,94,97,36,75,91,87,0.2450899999999999,0.3284799999999998,0.47857319047619057,479.89,1041.8898839503527,0.9179709785390412,100.28220169252646,100.4190319107926,1.560945744157406,-4.093479942870982,-3.7126567086393694,-13.099447093162555,-0.005286054835800042,0.8070531904761904,0.0,15.996333333333332,-8.932526439903572,-0.8635839962760744
378,"Asche, Gerald",DH,R,R,22,23,14,20,30,18,77,0,53,41,56,30,57,49,4,85,60,61,66,55,67,0.23175,0.27568000000000004,0.27318500000000007,498.92,794.3786636777222,0.8249884561685743,52.639796475658635,36.77552994333175,-61.1269578575639,0.15283515445076165,-2.7438993583594673,-3.5194289133198433,-0.10797658153627679,0.5488650000000002,0.0,16.630666666666666,-10.896826662245847,-5.922375550984618
108,"Astacio, Jorge",LF,S,R,18,57,53,28,31,53,50,77,47,59,85,51,53,49,29,66,93,78,68,36,67,0.2327933333333334,0.322203,0.36902999999999997,477.62333333333333,823.3483918495476,0.9530464158935069,79.4024161280104,71.52732535571677,-28.996371585457865,1.1246448870846313,1.0322107110448484,2.8230656581664766,-0.028693227668151605,0.691233,0.0,15.920777777777777,-4.2353312337939695,-1.346874799821433
419,"Atchley, Kenny",DH,R,R,18,22,40,6,26,26,51,25,64,35,33,15,17,23,0,100,82,15,100,31,34,0.21636999999999998,0.2872475,0.3816600000000001,525.9516666666666,939.9271559026092,0.574058924999666,46.378692775653455,42.77241577823183,-57.489672343902264,-3.339236172072122,-4.396623774927125,-11.143673847207422,-9.554643778927339,0.6689075000000001,0.0,17.531722222222218,-12.893376624178455,-6.786599638119078
351,"Baker, Trace",1B,R,R,19,27,14,36,14,27,43,72,38,44,40,61,69,65,22,74,90,42,62,56,84,0.20716999999999985,0.2731933333333334,0.2526600000000001,514.7916666666666,792.7480501011014,0.9769633247685242,22.574545325731346,31.105996041817935,-75.99990448860888,-2.8111437269209616,-3.2403501838050692,-0.9326634282819977,0.06716793797953034,0.5258533333333335,0.0,17.15972222222222,-6.796536780702173,-6.992844600872774
121,"Barrios, Tony",LF,R,R,21,38,32,29,43,68,38,62,44,58,93,49,47,71,0,71,100,75,55,7,85,0.24241000000000007,0.32306416666666676,0.32984566666666665,501.0873333333334,834.7685750536621,0.9254830561773393,71.82796820180143,69.84000651654821,-25.564414246030374,-0.16200953920025302,4.974080935360664,9.925260273744327,0.00937924826583564,0.6529098333333334,0.0,16.702911111111113,-4.294077032169044,-0.3419119723534921
12,"Bartlett, Rich",DH,R,R,18,91,42,100,88,82,34,21,31,78,6,11,70,93,48,86,100,33,52,36,97,0.3245600000000001,0.38959999999999995,0.4159080000000001,551.2641666666666,1007.9312757514417,0.19897525014048936,110.66225663908455,99.67460784726258,13.817893220100466,-6.87353715196738,0.6808679261578785,2.0865486152667745,-0.13072936675139102,0.8055080000000001,0.0,18.37547222222222,-13.8262177743682,1.3687405913166015
168,"Bates, Anthony",1B,R,R,21,54,11,12,10,41,85,56,47,55,68,55,35,54,20,96,83,89,11,67,79,0.24171333333333334,0.294115,0.28928999999999994,498.64,946.1055422890931,0.9597761156803244,38.475954736168525,41.87855192443513,-93.39119391084752,8.355172611553833,0.7327980451032138,2.977134899472489,-0.02440941272162539,0.583405,0.0,16.621333333333332,-8.1113300950711,-7.4129721792098655
81,"Bechler, Jaime",2B,R,R,18,42,9,96,54,38,41,87,13,62,77,66,58,91,0,84,100,47,55,6,81,0.2589449999999999,0.31775950000000014,0.2709424999999999,521.881,939.1046115495265,0.9550297413696452,58.07351164583542,46.73432032663773,-42.23155842883443,-6.833056930675457,-0.1351264484874471,-1.610938258198358,0.0072462003625475835,0.5887020000000001,0.0,17.39603333333333,1.6102616796116709,-3.1919360686637037
110,"Beltre, Albert",3B,R,R,22,54,28,63,34,54,68,34,68,59,56,58,85,67,0,85,47,42,91,100,60,0.25379333333333337,0.333365,0.3399266666666665,500.3666666666666,903.4328198172152,0.970694102525865,71.67417324085258,62.055252700745925,-25.3535613782677,-6.111167987258847,-1.0218337392424865,0.42582940009703224,-0.03510797281174476,0.6732916666666665,0.0,16.67888888888889,1.5490960559280096,-1.2912086840179033
285,"Benes, Alvin",LF,R,R,18,33,1,40,22,40,46,71,63,48,55,48,49,83,0,96,62,49,49,2,92,0.2102399999999999,0.28320999999999985,0.22663000000000003,466.82200000000006,885.3820768427104,0.9506808723070594,26.67655287889163,33.74939620932289,-64.56685573696512,-3.4153885213626394,-0.6717779903746633,-0.5086091775862611,-0.0012935611946189027,0.5098399999999998,0.0,15.560733333333337,-4.554434551660033,-5.793852823707828
130,"Benes, Jody",RF,R,R,22,60,7,57,28,36,72,99,38,57,62,73,59,66,20,74,71,79,63,19,71,0.24332833333333326,0.3039816666666667,0.29780233333333334,473.485,840.5038362257183,0.9612015787346304,62.0182823369479,61.02888477976947,-35.50171238430072,2.9058910336110837,-0.312887516201328,0.8306545622925686,-0.020797087269986723,0.6017840000000001,0.0,15.782833333333334,-4.323579404453284,-2.046627503104411
377,"Benjamin, Milt",1B,R,R,20,37,18,18,30,0,87,50,75,41,80,43,55,88,0,72,99,24,71,56,36,0.23026833333333335,0.260975,0.2933050000000001,480.30966666666666,702.5572566557676,0.9243412040783953,59.57604408327634,52.3010390862041,-49.70386112125814,-5.9185286709459675,-1.3710929915712442,-2.9523895443316013,0.10491873005392335,0.5542800000000001,0.0,16.01032222222222,-6.02329609615713,-4.897146595800178
49,"Berra, Mark",LF,R,R,20,60,60,63,26,48,56,51,33,66,54,79,53,66,8,100,42,47,65,100,77,0.24790333333333348,0.3289063333333334,0.4211720000000001,479.57,1077.9196873232722,0.9395194006744318,88.3168624699405,76.57484191596733,-14.341002414243862,-6.046285831828798,0.5051684681779746,0.5007270588560853,-1.2038048707631532,0.7500783333333335,0.0,15.985666666666667,-5.544854358658808,-0.952034492482602
60,"Beverlin, Toby",1B,S,R,21,47,87,42,58,65,0,16,47,65,77,35,65,77,0,88,100,17,66,69,38,0.2532443333333333,0.32474,0.460581,494.2836666666666,1017.6634294949472,0.48206797610253643,98.58989385504916,82.82536225758383,-6.321721556007909,-5.732005592578449,1.8373402262120733,4.141057764129307,-0.2078769496470133,0.7853209999999999,0.0,16.47612222222222,-8.72482364107465,-0.016264519922651315
264,"Blake, Henry",LF,S,R,21,44,25,38,5,46,56,51,92,49,50,68,70,73,11,87,13,39,84,72,75,0.24015716666666667,0.31331916666666676,0.35617999999999994,503.0942857142857,828.261309877038,0.8764773379443389,36.87722702496303,42.17639547976112,-65.87718837490306,-5.971012084559419,-1.7015332383693567,2.279004358251955,0.6258722733811142,0.6694991666666668,0.0,16.769809523809524,-4.260603445869537,-5.751061068587017
131,"Blankenship, Alfredo",LF,R,R,19,62,40,37,7,50,45,64,79,57,51,73,46,65,15,87,54,64,80,94,47,0.24392476190476203,0.33442666666666665,0.37024,506.855,935.274008795619,0.9631253219341367,75.94599836178308,63.071428782980526,-34.754431331556276,-2.3734665262190218,-0.6752934310488196,-0.023864531754470994,0.015399973466588727,0.7046666666666667,0.0,16.895166666666668,-4.811080292158534,-2.5265643325761005
200,"Bogar, Doug",1B,L,L,19,66,18,25,9,60,83,53,19,53,44,36,51,33,0,80,93,82,69,33,39,0.2435483333333334,0.3437216666666668,0.2842216666666668,545.285,868.7735330089927,0.8313336997053423,41.00665712960371,54.45671952759472,-86.93405636528745,7.844009412813092,-1.3550203515972492,-0.6383719507131782,-0.06224455329507265,0.6279433333333336,0.0,18.176166666666667,-7.448332758993422,-6.95455042869085
194,"Boshiers, Wilt",DH,R,R,18,26,64,56,34,81,36,2,56,53,32,21,37,25,15,95,69,3,71,100,92,0.24630500000000005,0.3237683333333333,0.4764119999999999,480.61333333333334,989.2379521504045,0.23851451103062812,97.45506370956093,83.73677359513108,-10.923521395127148,-3.65681114500983,-1.3975252308199584,-5.715452836420394,-9.167729355877814,0.8001803333333333,0.0,16.020444444444443,-13.569793582310075,-1.7986063146478308
220,"Brantly, Larry",DH,S,R,18,46,33,27,28,72,22,24,13,52,43,26,52,65,2,100,68,30,27,65,76,0.2530857142857144,0.3329853333333335,0.32781800000000005,498.935,969.3383064083755,0.7846275813293714,65.92744297550117,59.74056894523958,-27.396332096575534,-5.916716940176567,-1.5141031118176045,-4.541513367387572,-0.5632655966657568,0.6608033333333336,0.0,16.631166666666665,-13.296821761431763,-3.4792834498593987
379,"Brentz, Joel",1B,L,L,18,35,0,39,11,10,75,71,75,41,92,71,46,33,0,65,89,72,62,34,63,0.22017583333333346,0.2652399999999999,0.24946000000000015,522.1008333333333,734.0915470309556,0.7952027248971045,14.750965657603329,34.85379252377572,-99.08060295975996,2.0450988260772958,-0.025937592240340278,3.0321563542516046,-0.02969346265151314,0.5147,0.0,17.40336111111111,-6.293651809250305,-8.354827557583867
286,"Brisker, Jason",LF,R,R,20,18,72,24,24,37,30,41,10,48,49,51,72,77,15,71,72,35,46,99,65,0.2017933333333332,0.26031666666666675,0.41147799999999973,475.12566666666663,792.4600736424327,0.9629908921723929,77.9635207084091,72.42275950027575,-14.60619268926967,-3.094355588018418,-0.8027649441578782,0.6456337220197006,0.04272224782424253,0.6717946666666665,0.0,15.83752222222222,-4.076440708037206,-0.5335640103294426
129,"Broadhurst, Bob",DH,L,L,21,47,65,57,41,52,16,45,54,57,23,50,48,42,24,73,94,52,60,48,94,0.2707200000000001,0.329675,0.43837266666666685,462.66333333333336,939.8636486325413,0.9099729565294405,96.10898528248664,85.43125102121276,-9.017675136673333,-4.47975972460805,-0.10695099147980054,0.9097244416589404,0.05884965286227623,0.7680476666666669,0.0,15.422111111111112,-12.892505468210445,-1.0137536789190307
41,"Bukvich, Heinie",3B,L,R,22,54,53,72,80,47,52,60,45,68,56,64,78,81,18,80,71,50,76,74,31,0.2630683333333333,0.32174416666666666,0.3914483333333332,564.0023333333334,988.2602290064096,0.9638547993831856,84.6749063494593,75.89998785272869,-15.542286893887624,-6.734612243007391,-0.03457574956409659,2.518177712822413,-0.0016570387759011055,0.7131924999999999,0.0,18.80007777777778,1.694547717775051,0.07417157370652576
82,"Calderon, Kurt",LF,L,R,21,45,59,48,69,74,35,34,24,62,83,47,44,64,1,69,91,45,81,27,83,0.2624200000000002,0.32658000000000004,0.4147133333333333,499.045,889.0361911207438,0.9249449310142681,92.2706136578075,83.3481916476229,-10.895200841764593,-5.590113065828266,1.4628922676128173,2.9734870430529123,0.005120572550031818,0.7412933333333334,0.0,16.634833333333333,-4.573231435806296,-0.1461677849063668
10,"Cannon, Dennis",2B,R,R,21,70,64,63,75,60,88,37,66,82,77,61,62,100,9,86,63,97,72,63,81,0.2587509999999999,0.32444,0.476075,618.1716666666666,1017.9369827061892,0.9571446467865602,102.24651507490776,101.14535327592635,3.208827911157255,15.42059232877962,2.360664100428161,4.72066967211823,0.010219225536773822,0.8005150000000001,0.0,20.60572222222222,1.7454337837897622,4.606216301091673
179,"Carrasco, Gustavo",DH,R,R,22,70,48,45,42,62,34,15,46,54,8,10,73,64,32,72,96,14,85,62,58,0.27620000000000006,0.34446666666666664,0.40256083333333337,477.04666666666674,817.9466111715883,0.5205385135021505,79.81821923399183,70.24670212758586,-20.058559058822848,-4.410398250105047,-0.023527615766733307,-0.47676732630321755,0.029998405583986455,0.7470275,0.0,15.901555555555557,-11.220118123067056,-2.0424320643384384
101,"Carrasco, Leyson",DH,R,R,22,59,40,42,0,79,89,49,32,60,0,23,59,74,94,87,86,7,41,0,73,0.25537000000000004,0.31736000000000014,0.3519299999999999,492.1,828.9925320651382,0.9875946964701862,71.09056620629445,63.66705866929905,-34.24291626624828,-5.415987296038811,-0.5245888084421991,-3.627038551900568,-4.365683904860446,0.66929,0.0,16.403333333333336,-11.37163967167542,-3.8556354267443136
334,"Castro, Kennys",LF,R,R,20,23,48,38,20,37,24,35,44,45,45,70,78,76,32,68,58,19,80,55,39,0.19976999999999998,0.25641000000000014,0.36946000000000007,470.65,764.7421617340297,0.9633408181355625,54.20869538259071,44.0302030280533,-45.48930104692885,-3.262764745783903,-1.1182932878932106,-0.942658936299747,0.3610446162274525,0.6258700000000001,0.0,15.688333333333333,-3.933858856656531,-3.8239876324841693
380,"Caxito, Izzy",DH,L,L,18,0,61,4,43,37,41,24,19,41,37,26,36,40,0,73,92,54,82,62,44,0.23928583333333328,0.29668000000000005,0.46126,500.548,816.7398071959615,0.8146912413432139,83.76147791345373,71.01146312483682,-17.27778815605545,-3.0959677467114757,-15.046705749041166,-33.27316823880292,-0.19175093404214566,0.7579400000000001,0.0,16.684933333333333,-11.203563884718264,-4.854593320618912
134,"Chamberlain, Brent",SS,R,R,22,60,35,51,0,37,76,58,55,57,70,71,100,78,0,75,71,54,69,74,37,0.2452295000000001,0.2731375,0.3155900000000001,474.6567857142857,819.7365134321153,0.9645377483927602,54.44632857737538,51.84092429806823,-43.17668337050701,-4.085842607635973,1.64575130163898,1.6963633464668908,-0.012237831068654897,0.5887275000000001,0.0,15.821892857142856,4.216751612305121,-2.5729116990831074
138,"Chang, Mac",DH,L,L,19,54,34,29,48,47,93,16,71,57,69,23,48,73,0,80,82,67,63,31,36,0.26027000000000006,0.345585,0.3627565,512.0125,825.4394925199449,0.6382628209742005,72.39103876850655,71.13826623216247,-32.05751828078017,2.594372295092376,1.022686990697678,-0.6261463777693392,-1.3968598978363902,0.7083415,0.0,17.067083333333336,-11.322901131960837,-2.4537371143340074
50,"Clark, Omir",CF,L,L,21,47,25,52,86,73,63,81,40,66,100,74,56,74,2,62,99,96,35,0,71,0.27544333333333343,0.3287833333333333,0.3624700000000001,461.1575,889.6335538960993,0.9742207880280509,88.33329181465126,94.85366408866724,-12.638045585153462,6.243194740065629,5.1051161128709435,9.95372936613131,-0.1143306300709648,0.6912533333333335,0.0,15.371916666666667,1.5254347631963294,2.0617779223715824
196,"Clinton, Davey",RF,R,R,19,38,31,43,67,35,93,23,59,53,65,43,78,68,12,79,45,9,42,58,95,0.25054999999999994,0.32270900000000013,0.36734499999999976,483.30041666666665,815.932017384097,0.9392131841954208,74.23211582101867,66.65098521800014,-25.20179217215163,-4.681724898016675,-1.2613805692569753,1.6194103092820316,-0.023850232464251622,0.690054,0.0,16.110013888888886,-4.197181159383216,-1.648040517801004
363,"Coleman, Earl",LF,L,L,21,30,37,20,0,46,32,37,51,43,47,50,61,55,12,89,70,20,1,99,59,0.19990000000000005,0.29116700000000006,0.33112666666666707,491.835,874.7671945970505,0.9568120679860895,49.46487575701115,45.7152820502638,-58.027369987524956,-1.7472516745901165,0.06514035318032389,1.1746145154533834,-0.022038296381387268,0.6222936666666672,0.0,16.394499999999997,-4.499831247927214,-4.707418512109073
155,"Collier, Buzz",1B,L,L,18,31,40,14,49,28,69,78,27,56,69,61,37,42,18,91,77,86,62,9,20,0.24936499999999998,0.2920143333333334,0.3913725000000002,469.7,998.0946310088038,0.9582737460586852,59.827370696615674,64.32701487249746,-36.16665566418212,5.357571757806834,0.7774100669021853,2.4753352149262886,-0.013386040404410373,0.6833868333333335,0.0,15.656666666666666,-8.557052734986316,-2.1401827391177712
401,"Collier, Hiram",1B,L,R,21,17,0,8,32,7,62,57,56,38,77,39,57,65,11,80,75,66,52,45,29,0.1991433333333334,0.24185499999999993,0.2430166666666668,470.365,743.3276962786913,0.9284869794819143,49.098849004657,38.6671142889673,-51.03922926243503,0.43895506164684917,-2.870408049563292,-2.5436340902611656,-0.025294628426386818,0.4848716666666667,0.0,15.678833333333333,-6.372836902252155,-4.418411361852555
417,"Collier, Joe",C,S,R,21,27,0,27,0,18,32,73,51,35,6,48,82,81,88,74,76,8,51,13,27,0.17077500000000015,0.2435599999999999,0.17975999999999995,460.10666666666674,678.3215934801847,1.0318810135938674,-4.605588741050221,15.364796462627215,-83.36212140451664,-2.50394284242007,-2.338971045506016,8.996005345383994,5.619230636915592,0.4233199999999998,6.013596852649801,15.336888888888891,3.489308608437164,-5.244116389239175
195,"Collins, Clint",LF,R,R,19,52,30,42,8,57,76,66,55,53,55,48,57,43,0,80,86,55,65,56,16,0.23887583333333332,0.33299500000000015,0.3441400000000002,536.29,867.5594269782305,0.9351968389573037,61.230246645357866,49.3606003673114,-62.173658564542365,-3.6086725686052783,-1.2956726739181605,-0.9306775903921659,-0.028750737307451528,0.6771350000000004,0.0,17.87633333333333,-4.462754254003244,-5.372035198038015
394,"Corbin, Bralin",DH,R,R,20,52,18,45,12,41,76,47,60,39,0,14,71,50,34,54,80,43,69,40,61,0.23815000000000006,0.30301,0.28560333333333326,492.9716666666667,586.710804682225,0.47158985754778393,33.868400506046456,41.267143721288654,-76.17939379582333,-6.188439121735772,-1.3057566505842042,-3.418665521288993,-1.363127134604671,0.5886133333333332,0.0,16.432388888888887,-8.0481591863131,-7.801353876296579
182,"Costilla, Dane",1B,R,R,21,50,24,12,10,36,80,96,48,54,52,37,72,67,34,82,88,84,65,27,35,0.22531500000000002,0.28496666666666665,0.34850000000000003,503.24,816.2804864570498,0.8699147542857635,37.985236915706,53.36552146054819,-73.3866900348139,5.116439077320833,-0.7989702325249127,-1.812785849490374,-0.25712122240689045,0.6334666666666666,0.0,16.77466666666667,-6.9982894929445285,-6.078292026548412
368,"Cox, Torey",DH,R,R,20,0,42,34,13,58,22,14,38,42,16,37,53,44,48,75,92,33,75,41,78,0.21548999999999993,0.3111600000000002,0.36754499999999984,457.673,803.5633222162724,0.8996449974338264,58.22595729531438,47.82210018424934,-68.01469070529942,-3.456567293665178,-15.431525636270889,-28.248362325460896,-3.33754029169581,0.6787050000000001,0.0,15.255766666666666,-11.022816491306891,-9.62407583736598
111,"Craig, Aledmys",DH,R,R,22,21,45,51,57,32,96,73,48,59,74,28,75,65,17,83,79,54,65,46,73,0.24908433333333332,0.29663916666666673,0.36837,477.08,854.1499900445342,0.8266612564313992,62.402854960467046,56.77485041843368,-25.392519119130576,-2.5253886852385024,0.027864203896781868,-0.8392212138801561,-0.2168735466714697,0.6650091666666667,0.0,15.902666666666667,-11.716735117208973,-2.4765243932517484
246,"Crawford, Rich",3B,S,R,21,58,0,12,12,41,73,38,51,50,65,56,65,90,12,83,98,35,63,58,80,0.23457500000000003,0.2876699999999998,0.24315000000000012,470.85,815.968952074647,0.963354699540929,27.38790374529304,41.351818599961554,-81.00781186113245,-6.646810751869342,0.381676179473687,0.6776724854711735,-0.0023674021313411613,0.53082,0.0,15.695,1.3991237175491202,-7.04347130389199
216,"Crosby, Howard",DH,R,R,20,40,32,25,23,50,80,53,62,52,67,41,27,62,23,78,73,62,61,18,63,0.23406933333333346,0.31439333333333336,0.3483883333333334,486.0323333333334,792.3823995068669,0.44545452670034064,60.138110415676394,58.27748587394013,-42.48124200497139,0.23953535670968124,0.7027456644039904,-0.46881214731620974,-0.028750737307451594,0.6627816666666668,0.0,16.20107777777778,-10.86944306593782,-3.76740768712968
242,"Cruz, Pascual",DH,R,R,21,36,45,36,18,67,23,41,41,50,0,14,65,71,36,78,87,46,50,61,76,0.23497083333333335,0.31188666666666676,0.36455,469.64833333333337,806.6194644737989,0.28260943306214703,71.65880985879276,54.56656517574552,-40.82193563962491,-5.086721775165621,-1.5796418696028414,-4.813654072656818,0.14879126124124892,0.6764366666666668,0.0,15.654944444444446,-11.064738881670767,-4.649642565431988
260,"Cumberland, Fred",LF,R,R,18,33,59,18,54,23,30,14,22,49,47,48,46,47,0,95,72,31,65,71,68,0.24231433333333338,0.29285383333333337,0.4306233333333333,539.5116666666667,1024.2759227193892,0.8909146670497456,83.12647898029712,67.1990155410364,-20.767273874427826,-3.4697509287267247,-2.805574502609832,-10.224005748915763,-0.04451069739298086,0.7234771666666666,0.0,17.983722222222223,-5.26890906748657,-2.191795410616735
136,"Daniels, Brian",3B,R,R,18,33,24,37,29,36,81,60,21,57,57,91,88,76,3,88,49,64,75,62,86,0.21519500000000005,0.2648000000000001,0.3263933333333334,479.85857142857145,947.9449993856251,0.9636655399435028,52.80894424822317,51.81418020687537,-39.050054294388616,0.0806485059190824,0.9436841372001963,2.7321146208431526,-0.0292202842221406,0.5911933333333335,0.0,15.995285714285714,1.625420094968493,-1.876360638003922
402,"Darling, Harry",DH,R,R,20,12,21,34,13,44,59,21,11,38,45,24,34,43,10,85,92,9,58,67,77,0.22054999999999977,0.3189124999999999,0.30487749999999986,493.91,798.4952445495874,0.6775388075642358,27.521246857637497,29.496390097867152,-96.3624552701744,-3.0244815939892935,-1.7123842574082708,-4.86882969830292,-0.17157252976209478,0.6237899999999997,0.0,16.46366666666667,-10.953295535659635,-9.952521883310828
7,"Deduno, Victor",2B,R,R,18,61,89,54,91,58,47,28,37,81,66,66,63,58,10,98,80,48,78,59,95,0.28183,0.3418333333333332,0.5330199999999998,574.335,1218.9460677020252,0.9571192979185624,112.61166705125176,96.64813991164645,13.152569347526311,-7.9964559345196475,1.6117383840099948,5.709387555317926,0.06782565796456769,0.874853333333333,0.0,19.1445,2.0900995673903036,3.235360511163613
321,"Denorfia, Roosevelt",RF,R,R,19,31,6,38,37,14,75,52,49,46,87,44,69,63,4,78,39,85,62,97,44,0.24580583333333345,0.27716500000000016,0.2770733333333335,475.30916666666667,743.2351263258606,0.9176009453654849,53.49278367395939,57.027404384288076,-38.23979008137028,4.442042969863198,0.25964526250406844,4.486213655573289,0.9560430862920226,0.5542383333333336,0.0,15.84363888888889,-3.8232259584663613,-1.7427673935091579
340,"Dolis, Fernando",DH,R,R,19,39,63,4,21,36,11,11,53,45,57,31,75,67,5,67,62,57,84,72,77,0.23281500000000005,0.29815999999999987,0.40331647619047606,477.875,728.7767971418798,0.6441610359840189,79.02601884965209,74.38780538455147,-19.397031777737638,-2.5953914387144157,-0.6500037917945823,-2.821449055018005,-0.06354004710692392,0.7014764761904759,0.0,15.929166666666667,-9.996938232398898,-1.9030758108926147
263,"Doster, Jarred",RF,R,L,22,38,25,18,9,17,61,62,76,49,75,62,99,87,0,73,73,70,66,39,87,0.22452199999999994,0.24875466666666665,0.3050349999999997,476.4143333333333,750.738881599158,0.9619265909409793,11.428877908820434,45.31017310250608,-81.55358755828695,0.9393735928750395,0.22258371836658233,1.269799961416828,0.017121352230341204,0.5537896666666664,0.0,15.880477777777775,-3.8618255226294136,-6.785745443503399
120,"Dunn, Shaggy",DH,S,L,20,58,59,44,73,56,57,1,37,58,40,21,13,46,11,80,86,47,50,30,36,0.27420500000000003,0.33767,0.4324425,525.4433333333333,937.3428975753486,0.67351874567741,101.72764708822491,88.84826816816376,-1.337632603975442,-7.406008362753024,0.7784605763298393,-2.785321842273078,-9.067371514524538,0.7701125,0.0,17.514777777777773,-12.857927264408072,-0.6926383524821577
376,"Earley, Jarrett",1B,R,R,22,42,21,39,9,40,51,56,64,41,47,40,79,57,0,69,65,16,55,57,74,0.22932999999999995,0.2770699999999999,0.2934624999999998,500.8175,703.4776041973382,0.9368572955551048,29.542577989092184,37.35422784149368,-64.9912900373313,-4.714295851938102,-1.507550568052259,-0.42992084520751506,0.006047226172719828,0.5705324999999997,0.0,16.693916666666667,-6.031186592912707,-5.994245185720592
42,"Eischen, Dan",RF,S,R,21,61,46,59,48,46,100,17,93,68,72,53,57,88,0,83,55,79,29,41,74,0.24793000000000007,0.3157775,0.37690500000000016,470.82333333333327,897.3119943402708,0.9571378696586262,81.07697923337338,78.08770916239277,-18.281968744594316,5.801903269688006,2.736783339918658,3.221570245862428,0.010219225536773595,0.6926825000000001,0.0,15.69411111111111,-4.615802440021969,0.18341850803635926
217,"Ellis, Robert",LF,R,R,19,32,25,16,16,39,67,92,28,52,60,44,46,66,12,86,92,88,52,54,58,0.21437000000000006,0.2929958333333333,0.3647224999999999,516.2566666666667,867.255849506706,0.9342577269025716,23.607399691774102,46.44543839302089,-80.45425495647868,4.126600731549052,-0.9991643796697883,-0.9226721640922002,-0.028782553652721223,0.6577183333333332,0.0,17.208555555555556,-4.461192641495401,-6.501236363659638
437,"Encarnacion, Angel",DH,R,R,18,0,14,24,1,40,31,1,33,28,25,8,27,16,22,81,90,32,89,92,78,0.19345000000000007,0.2874399999999999,0.22897999999999993,472.91,742.745764343068,0.10985114873942212,14.210549277683594,20.62729275436412,-98.0553024725905,-2.808851900955225,-16.23605589827176,-22.292400165331046,-8.267148408490563,0.5164199999999999,0.0,15.763666666666667,-10.188556438176517,-11.851002190605323
300,"Ensberg, Blake",C,R,R,22,74,0,31,18,22,23,71,75,47,11,59,88,88,100,83,59,0,79,35,51,0.2344700000000001,0.27293999999999996,0.23405000000000012,444.125,804.3364706076682,1.0000652345623349,19.088068580745002,38.36581610187524,-65.79557742937827,-6.575244374697944,-0.5461683891991366,11.328375819627672,4.798969304966381,0.50699,10.101801985856826,14.804166666666667,4.137533285018869,-3.225164975826409
74,"Epstein, Vernon",LF,R,R,18,72,20,70,34,49,58,30,68,63,82,78,70,51,0,76,84,68,72,80,89,0.25170000000000003,0.32902249999999994,0.2939649999999999,473.42333333333335,938.4544976763427,0.9543732512404551,60.60047523221062,55.40710166002506,-39.678258295563715,-0.24227778082351584,1.0541572759959232,1.964215193915065,-0.007692292075099328,0.6229874999999998,0.0,15.780777777777779,-4.827440831668429,-2.7216234981597993
369,"Fasano, Chris",DH,L,L,18,21,25,31,36,67,8,0,41,42,21,18,30,49,10,97,86,11,50,54,81,0.25061499999999987,0.3285800000000001,0.3254725000000001,530.6625,947.6224521305412,0.29439897911887375,62.05523333777308,47.6971037896471,-52.31176700599855,-4.925161022091952,-0.7174910143777193,-9.203741205569242,-5.029717382575787,0.6540525000000001,0.0,17.68875,-12.998936243217301,-6.223852137726954
72,"Figga, T.J.",2B,L,R,22,76,0,34,29,39,70,100,35,63,65,73,62,72,35,77,100,93,87,5,88,0.23667390476190486,0.3031649999999999,0.2734924999999998,483.1116666666666,891.3962041512132,0.8882451596313874,64.03652706731641,63.2417592953468,-44.839865425689915,5.837773315305761,0.6929128502985569,2.324735220290098,0.3471661636763791,0.5766574999999997,0.0,16.10372222222222,1.5284571401769773,-1.919558327633515
39,"Fikac, Jeremy",SS,R,R,20,35,11,11,31,86,88,86,23,69,90,83,97,93,11,92,97,78,72,29,64,0.21676999999999996,0.30924533333333337,0.28768999999999995,521.1803333333334,995.913141682744,0.9883631061056342,60.39964428869887,62.284596811417885,-31.451961834499343,6.389289832355067,5.019059480837657,9.585984199448891,-0.005620526836817671,0.5969353333333334,0.0,17.372677777777778,5.123009988079959,0.7074431210397011
412,"Fischer, John",DH,S,R,22,45,19,36,4,47,13,0,54,36,21,13,41,24,0,84,70,29,72,48,52,0.24869500000000005,0.33806333333333355,0.267127619047619,507.167,813.2259459123015,0.1652628139102324,33.47254221711194,38.88930606598076,-87.31840744414856,-5.375083313050601,-2.0423110764340207,-9.865595302442728,-5.8176174794727675,0.6051909523809526,0.0,16.905566666666665,-11.15536276971607,-9.7573412310837
370,"Franco, B.J.",DH,L,L,19,48,20,33,0,30,85,52,38,42,35,30,47,33,0,77,42,78,56,69,26,0.24444000000000002,0.28818999999999995,0.28446,522.9325,737.5481290072203,0.7090255621185968,32.26839774985838,44.13209901381097,-85.19292074044122,7.736803436627366,-6.05064812468381,-2.3713678103663565,-0.10418896930224773,0.5726499999999999,0.0,17.431083333333333,-10.117258285421403,-7.308632321488187
166,"Garland, Steven",DH,L,L,19,30,18,32,42,63,76,35,68,55,64,53,31,59,13,87,74,66,25,0,61,0.25238666666666665,0.3186030000000001,0.29425750000000017,517.8316666666666,911.8770467862487,0.4732774139246669,62.7198763683464,56.48987381912271,-44.578364163936094,0.8625113750757698,1.4844121773434777,3.284907904423128,-0.0286932276681517,0.6128605000000003,0.0,17.261055555555554,-12.508601464831944,-3.5960255041402047
360,"Gaviglio, Ebenezer",1B,S,R,21,40,44,29,0,32,40,16,43,43,36,41,67,49,3,78,73,43,65,46,34,0.23379416666666666,0.27399000000000007,0.35796,511.8388095238095,809.655534837395,0.8937013415641275,55.525705051183714,39.026064495021075,-64.46982432251082,-4.313222485194273,-3.2980529051922445,-2.3134491604513543,0.05709951673511591,0.63195,0.0,17.06129365079365,-6.941491210883015,-6.145824562858139
150,"Gilbert, Brett",SS,R,R,21,14,16,54,44,60,57,69,38,56,97,68,82,94,0,82,100,16,60,28,55,0.24962283333333324,0.3112973333333332,0.2657638333333333,538.8866666666668,876.284362860024,0.9787575326495564,51.090955506321535,42.59834712125517,-40.67593304715518,-4.469677063879915,4.117300648561345,8.588066989843812,-0.003640263550397612,0.5770611666666665,0.0,17.96288888888889,4.507635611419877,-1.4198268231378537
73,"Gimenez, Davey",SS,R,R,19,39,20,49,39,60,81,40,28,63,76,68,72,74,28,100,33,51,50,61,72,0.2551445555555556,0.3225450000000001,0.29932166666666676,508.56166666666667,979.3905603699386,0.9323248945095487,62.83893233871004,59.513005598033516,-35.82034825954222,-4.547618653044269,0.4268428702109086,1.237593070693999,-0.7928145427720173,0.6218666666666668,0.0,16.952055555555557,5.038017285853593,-1.7275663340905154
80,"Glass, Rex",DH,R,R,18,61,55,20,42,87,47,53,58,62,53,29,47,26,41,81,90,39,96,16,45,0.2742300000000002,0.34009999999999996,0.4644299999999999,525.3100000000001,943.4535215776414,0.4009055643235558,97.74809532224519,81.38062754428158,-7.865385604118241,-6.093026496328373,1.0621080963129026,-1.1059332417269427,-1.173847751932193,0.8045299999999999,0.0,17.510333333333335,-12.94174926718301,-1.0578649599325782
237,"Gonzales, Minnie",1B,R,R,18,0,73,30,40,33,40,0,33,51,32,64,58,38,7,100,93,29,23,66,70,0.23646500000000004,0.2994866666666667,0.4661149999999998,486.32,1111.8599243927747,0.804514785483933,90.58412112146739,81.60432609889317,-9.481034047215875,-3.1268286240974703,-15.427221191762927,-39.066079236993296,-0.4771669919004146,0.7656016666666665,0.0,16.21066666666667,-9.532406759197315,-4.535102703382925
386,"Gonzales, Pablo",DH,R,R,19,28,21,28,2,22,27,84,55,40,2,41,66,71,70,90,66,16,66,71,65,0.18410000000000007,0.2446699999999999,0.31335999999999997,495.5466666666666,819.89150345698,0.9354495566759041,1.1145423592499457,18.885446201958636,-73.8585062558439,-1.93932025835946,-1.949863198589528,-0.3537912943827451,-0.47299743457429083,0.5580299999999998,0.0,16.51822222222222,-11.246797029588203,-7.143995575907155
269,"Gordon, Rex",DH,L,L,22,66,0,19,5,63,88,66,67,49,34,23,65,45,9,71,78,90,70,63,77,0.24014333333333343,0.3404900000000001,0.24287111111111107,485.1966666666667,726.1296314001083,0.6121037759394833,29.223679694179477,53.32702600570009,-86.3100975498214,8.517630426696789,-1.3567645735329117,-4.947721534515217,-0.6506195747249859,0.5833611111111112,0.0,16.173222222222222,-9.960625945131802,-7.713195481334364
235,"Gorecki, Mike",DH,R,R,20,50,36,35,55,0,86,48,39,51,67,31,56,50,4,76,54,83,50,60,51,0.26094999999999996,0.28412000000000004,0.3456299999999999,495.63,799.5649748705328,0.8227378817281358,69.90149633568352,68.8377159565724,-28.297202830982837,7.128316364864333,-3.9826414845011833,-4.367652202627596,-0.09795344420242327,0.6297499999999999,0.0,16.521,-10.96796947696204,-2.0141324185949507
119,"Gourley, Frank",1B,S,L,21,67,30,53,39,61,1,49,94,58,35,54,47,41,34,100,33,49,72,53,80,0.2761549999999999,0.3537600000000001,0.3511033333333334,500.3258333333334,1053.8063701894134,0.6504009571883146,78.35296472622942,66.8428784288662,-26.94215976629292,-5.4787164281507525,0.31198396479235063,1.2145282089907559,-2.4234598814525015,0.7048633333333334,0.0,16.67752777777778,-9.03469110244696,-2.374959975975924
395,"Gragg, Ron",DH,L,L,18,33,26,0,40,35,61,23,0,39,38,13,29,37,7,92,78,11,70,79,87,0.24429666666666666,0.31157666666666667,0.34223000000000003,533.925,868.1392215937376,0.2220280018494189,61.933882220877514,54.08371736806038,-54.57964885749932,-4.324521875008801,-2.4642280176969584,-3.4299568250545893,-8.114616192414692,0.6538066666666666,0.0,17.7975,-11.908631297582135,-5.68910247926352
323,"Graves, Major",DH,R,R,19,60,7,20,0,34,80,45,30,46,54,29,71,58,6,74,77,76,66,0,67,0.2314050000000001,0.30322666666666664,0.24827083333333327,508.719,714.4001081939787,0.8413570679670833,26.662215236318048,45.77347778404795,-80.69833387681875,5.0152727726116435,-0.13143397037965232,-2.7154860193464057,-0.10119591712176539,0.5514975,0.0,16.9573,-9.799727135719872,-7.180358660834434
403,"Greene, Horace",RF,S,R,21,15,0,6,7,29,79,62,53,38,72,48,63,56,0,75,59,70,78,79,71,0.1834499999999999,0.2522650000000001,0.22106000000000006,505.2108333333333,694.4178025946021,0.9536848298231735,8.718736975590385,23.058332726895113,-106.49638429617632,2.578182397925129,-2.2033168261949876,-4.547450303683573,-0.031193169572088522,0.4733250000000001,0.0,16.84036111111111,-3.572108038038077,-9.594920288935512
413,"Guerrier, Stefan",1B,L,R,22,7,36,13,35,47,9,4,14,36,66,38,59,68,0,62,74,20,59,20,69,0.220965,0.31261600000000006,0.32656800000000014,475.2975,671.7291944213212,0.6919652113894851,59.43651022808617,42.68616275228725,-49.51694089993018,-4.048753510025682,-4.409682601492103,-3.3900421095055506,-0.40741558207732886,0.6391840000000002,0.0,15.84325,-5.758995151074427,-4.7241640482670055
335,"Guevara, Jolbert",1B,S,R,19,12,45,41,21,28,21,27,23,45,40,66,75,71,22,73,92,35,70,81,51,0.20243499999999987,0.26934,0.3409599999999998,516.4491666666668,833.3305272720754,0.9610727992664463,46.33615389920878,45.25240229855447,-51.16385101285323,-2.6911475409302774,-2.7635680632907986,-1.5714667537571043,0.25951152369722463,0.6102999999999998,0.0,17.214972222222226,-7.144466111729042,-4.571414945221362
22,"Halama, Huston",SS,R,R,22,85,40,88,38,38,94,50,83,75,79,100,95,97,10,86,38,57,60,89,61,0.2612403333333333,0.31775533333333345,0.39773066666666673,503.5883333333333,987.8533867709339,0.854009342320581,75.37313717099208,64.7596658173014,-24.77669603389549,-2.9662623087659883,4.521193045434253,10.148644604580495,0.008869463267503935,0.7154860000000002,0.0,16.786277777777777,5.081550343471882,0.4307263668476772
258,"Hall, Mitch",DH,R,R,19,39,39,44,34,63,47,8,29,49,20,14,15,37,24,92,33,58,50,0,77,0.24551266666666666,0.33206,0.3976833333333332,484.4833333333333,885.0166090819985,0.3605729177122242,66.09395986875303,63.828367829611054,-38.94669980291268,-3.0937405383133614,-0.9795745619726048,-4.466476527198984,-8.394969865196941,0.7297433333333332,0.0,16.14944444444444,-12.14014552924552,-4.2833234989842826
215,"Hall, Ross",DH,R,R,18,15,77,28,34,55,17,4,58,52,7,39,34,15,4,100,95,61,44,33,79,0.22832000000000005,0.32107066666666667,0.5117866666666668,496.48,1131.783604387194,0.5276328275204577,95.31652602003024,86.28052069372889,-6.55520903064727,-2.158898432182852,-1.4746812968504703,-1.385242331917416,-0.13532855181063824,0.8328573333333336,0.0,16.549333333333333,-15.525152323555474,-0.9146838243191086
162,"Harris, Billy",SS,L,R,18,42,30,17,41,25,53,83,39,55,93,82,75,78,22,74,84,49,58,24,69,0.23792749999999996,0.28792333333333336,0.31993600000000016,502.5709166666666,856.7068240530789,0.9756309862758442,59.063710732797155,54.45772826103146,-34.63562075597739,-3.822544909161313,4.211694888188833,10.362417567046665,-0.020108278172789176,0.6078593333333335,0.0,16.752363888888887,4.406928107268924,-0.699123547437142
349,"Harris, Pepper",DH,S,R,22,49,17,47,31,57,70,58,53,44,0,20,70,60,40,56,44,61,70,42,73,0.24914666666666677,0.3257854761904764,0.31168,456.6725,606.8558990731835,0.5804049537500309,58.24516337533751,57.15088058677917,-28.977119849946366,0.43768387118925534,-0.6894143892673875,-2.949135099643317,-2.7631826815403158,0.6374654761904763,0.0,15.222416666666668,-8.3244979296733,-2.478485244637243
27,"Hawpe, Gary",2B,R,R,22,47,40,64,65,68,83,71,18,72,83,63,53,62,22,87,68,68,51,24,77,0.2510986666666669,0.309151,0.36259883333333326,551.585,1000.3566496931016,0.9607686848963618,81.3636891265316,79.74940334809178,-18.677677445008218,3.143327252820991,1.6157738211793904,2.998785633850618,-0.01754227391876664,0.6717498333333333,0.0,18.386166666666668,1.715289179857856,0.7625641507983778
102,"Henry, Ryan",DH,L,L,22,81,34,58,42,70,48,18,17,60,39,28,49,43,6,81,69,44,85,29,67,0.26166499999999987,0.3320933333333332,0.34162499999999996,518.6886666666666,911.2224042192101,0.8197295395513143,81.04137332286214,72.30973228000488,-16.373214846930615,-7.10250676542081,-0.03683690271815057,-0.9550977764222764,0.027355349765136174,0.6737183333333332,0.0,17.289622222222217,-12.499621457053639,-1.979592833705861
320,"Hermsen, Jerome",DH,R,R,21,41,24,20,46,31,46,0,29,46,17,6,73,72,64,70,65,67,50,48,66,0.24465999999999993,0.2969719999999999,0.33462000000000003,453.12333333333333,688.0477523468435,0.8614871233618588,58.43463418091089,49.781523391974254,-38.521661745404465,-1.416109457546198,-1.1833837235309574,-1.3931967781430983,-0.4978391544727074,0.6315919999999999,0.0,15.104111111111111,-9.43824077293338,-3.594675612068614
198,"Hernandez, Brutus",2B,L,R,19,42,1,30,30,46,69,18,47,53,72,61,68,78,30,93,61,47,29,59,61,0.24367499999999992,0.3058783333333334,0.26646133333333366,463.17166666666674,894.9427201375365,0.9712350892220917,53.782049834622356,46.334447593157165,-44.913577314352324,-5.679584174571114,0.6019950989156699,-0.5319378117249383,0.3622638135865526,0.5723396666666671,0.0,15.439055555555559,1.534538271840769,-3.44212106382697
281,"Herrera, Viosergy",DH,R,R,21,39,42,42,24,59,49,0,3,48,0,1,36,53,47,82,90,34,46,58,68,0.24813999999999997,0.3176660714285714,0.3721049999999999,480.9108333333333,812.421805659309,0.4037534177445226,71.72871630809483,53.433419482466554,-42.982934587342434,-5.44203970537021,-1.8734043203686759,-19.385788722205383,-6.311360974154708,0.6897710714285713,0.0,16.030361111111112,-11.144332039222347,-6.342167033036038
95,"Hewson, Dennis",2B,R,R,20,41,60,38,31,49,42,39,33,61,66,72,65,65,18,75,70,91,78,61,53,0.25081200000000003,0.3214416666666667,0.4171249999999999,498.6,912.447039552033,0.9708606809095323,80.63564168837124,78.05752646540932,-17.41332842115141,2.832837654190085,-0.7808141082477138,0.42203909488416785,0.02852610548933996,0.7385666666666666,0.0,16.62,1.5645525369547888,0.4057896247924218
294,"Hill, Jason",DH,R,R,20,54,32,26,39,15,60,8,80,48,57,28,45,69,0,88,87,46,64,34,33,0.26355499999999993,0.2870533333333334,0.3440216666666667,513.0533333333333,875.6976022459567,0.8196412545214291,58.42652284481721,58.88064105150793,-35.02232808971675,-6.46469001730603,-1.4800060469003105,-1.385929969719407,-0.04962149880779581,0.631075,0.0,17.101777777777777,-12.01231278801038,-3.808187111993854
62,"Hodges, Lance",3B,R,R,21,29,96,40,22,44,24,13,79,64,58,88,79,81,9,91,84,43,78,100,39,0.2177299999999999,0.28825333333333336,0.46226500000000004,531.5841666666666,1075.3501557148993,0.9557720416252301,89.07032745466104,75.94150304525746,-14.411768365918206,-2.1591907467954057,1.44019713103636,1.5202632846203614,0.04281895708611759,0.7505183333333334,0.0,17.719472222222223,1.8438788678239013,0.454829311789003
339,"Holmes, Sam",1B,R,R,18,14,10,38,16,32,62,53,38,45,51,45,45,36,15,94,86,69,51,8,78,0.21186249999999995,0.27469499999999997,0.26357899999999995,521.325,921.2759860157967,0.9476968407624103,17.6310885186928,33.71770992702325,-99.7975944865634,0.34030952082154803,-3.948857184059704,-0.06804112923249304,-0.02875073730745176,0.5382739999999999,0.0,17.3775,-7.898456670231453,-9.07574065419142
64,"Hooper, Paxton",2B,R,R,20,30,12,46,38,77,88,37,19,64,83,67,77,86,28,95,81,36,55,47,64,0.23279616666666667,0.3085266666666667,0.26605107142857143,519.5758333333333,961.8894718773663,0.9672431715296071,53.21118329804375,47.105444132942495,-39.41608396090242,-4.285498580367484,0.8943235000657762,1.7577807378322117,0.3674876247264359,0.5745777380952382,0.0,17.31919444444444,1.6493303701600932,-2.3156719967282604
247,"Hutton, Murray",1B,S,L,19,9,62,18,41,74,43,31,0,50,41,33,47,60,16,79,84,24,93,83,56,0.23770999999999998,0.33301,0.4714599999999999,486.29333333333335,860.964964646846,0.8036261898910176,84.79992237891479,76.90391501778919,-13.064164273280449,-3.7007120662320716,-0.2092113459565196,0.7481036993216748,-0.0039750090902613755,0.8044699999999998,0.0,16.209777777777777,-7.381386871114935,-0.7245150641802617
234,"Hyun, Joseph",3B,R,R,18,18,22,0,25,37,49,84,59,51,56,89,88,67,0,100,92,48,80,36,39,0.20450999999999994,0.2570000000000002,0.2969433333333332,511.624,1064.2354362048209,0.9486452688720373,35.31581933622799,28.15245942709644,-62.49325735897745,-2.6302056115370567,0.7783709596139697,2.937005802787768,-0.40472713690115514,0.5539433333333335,0.0,17.054133333333333,1.8248207067983895,-4.364951608180223
104,"Iglesias, Emil",3B,R,R,19,39,40,41,22,44,38,58,50,60,53,86,84,87,23,88,86,43,63,89,76,0.23374750000000002,0.2968700000000001,0.33887333333333336,496.875,984.5001330152154,0.9548967589639914,59.29234780179823,48.15870870848881,-35.790950753439006,-3.842859891009995,1.427914009117916,4.671996601360069,0.07802671947043284,0.6357433333333334,0.0,16.5625,1.6881003652524271,-1.6843187380903746
123,"Jacquez, Delino",1B,L,L,22,79,27,43,13,39,86,81,21,58,48,40,53,35,0,78,94,98,85,42,39,0.24496733333333343,0.3055999999999999,0.35768250000000007,526.195,884.6184997502714,0.8662477107995019,50.192463889213165,52.50420974318023,-74.83596978055967,13.908758873742716,-0.7167705793616584,0.431774038525669,-0.005475969718859077,0.6632825,0.0,17.539833333333334,-7.584177809930311,-5.093890987168939
257,"Jacquez, Vin",DH,R,R,21,27,32,51,42,65,51,0,8,49,13,13,49,55,38,85,88,22,41,34,52,0.2563833333333334,0.3188186666666669,0.33740500000000023,501.1525,862.1734268199652,0.38408131273725066,72.31734205609236,69.90886011498624,-18.833854246484762,-4.3446479240077345,-0.21111487155105707,-4.065443025036194,-0.9138614811663298,0.6562236666666672,0.0,16.705083333333334,-11.826795978325997,-2.254228646508757
133,"James, Ariel",SS,S,R,18,59,10,36,31,22,73,75,78,57,100,94,92,75,0,75,82,57,100,55,61,0.22290666666666673,0.26731999999999984,0.28380833333333344,449.3983333333333,873.8381353802979,0.9672353225577067,52.045556678644004,44.74990710905909,-43.60879816199967,-3.442732722465666,4.070632333529027,11.11342789623856,-0.020108278172789245,0.5511283333333332,0.0,14.979944444444444,4.495052136729927,-1.6593120729076796
180,"James, Michael",DH,S,L,21,54,38,38,53,69,30,2,36,54,49,28,38,53,0,73,89,51,57,39,68,0.264735,0.3430599999999999,0.39421285714285703,494.02666666666664,859.9505951162428,0.7467135054219787,77.26002639409516,68.49206224178334,-23.343177463350326,-4.374820411882897,-0.3035707233846634,-2.067969345354269,-0.1675917334069462,0.737272857142857,0.0,16.467555555555556,-11.796304459756417,-2.5313054926048895
86,"Javier, Esteban",RF,R,R,18,62,0,58,14,61,79,88,63,62,73,44,82,74,6,85,100,78,80,28,52,0.24470000000000014,0.32232583333333337,0.26798999999999995,477.07,873.0983988121152,0.9122561887329167,40.04238560413262,57.75722430746598,-61.22760005775019,4.098100505529219,1.1457751537137697,1.1346379962485498,0.0031089797765033985,0.5903158333333334,0.0,15.902333333333335,-4.491246907469728,-4.493586720517104
57,"Jenkins, John",DH,R,R,22,76,85,34,62,75,11,27,22,65,1,19,71,75,43,72,100,33,61,76,57,0.26724666666666663,0.3511540000000001,0.4966766666666668,472.055,926.4438748657703,0.4974613223587219,119.00106879140999,100.1463937672757,11.323658761530321,-4.756115103891522,0.009064895393078438,0.3516245414644252,-0.48887694793418784,0.8478306666666668,0.0,15.735166666666666,-12.70842078005172,1.0024460093063032
199,"Jensen, Jerrod",1B,R,R,20,42,31,32,34,38,66,9,65,53,64,39,47,80,4,77,88,72,54,58,77,0.23665166666666676,0.29853999999999997,0.336925,471.6933333333334,810.0392839573324,0.9243412040783952,63.23771204507777,57.73738087789386,-36.20137138285978,1.464146971771678,-0.7181981502806264,0.6342142836812729,-0.014909398680382342,0.635465,0.0,15.723111111111113,-6.944781241060806,-2.552467721131744
375,"Jensen, Luther",DH,R,R,22,46,14,10,14,34,78,19,4,41,2,9,41,62,66,78,96,28,38,49,88,0.22390249999999998,0.2896874999999999,0.26802,492.605,715.4197598900646,0.7331409522344504,30.487768411877692,44.36044767736884,-78.04772080688701,-5.440350806001127,-1.4098237318939315,-11.158412760118415,-4.787644387173159,0.5577074999999998,0.0,16.420166666666667,-9.813714127435729,-8.873531161675576
388,"Karl, Braden",DH,R,R,22,24,17,16,38,25,74,36,74,40,67,31,70,61,4,73,70,42,49,88,33,0.24209416666666672,0.29845366666666673,0.2798300000000001,494.42833333333334,715.7320036888123,0.8518121740719408,56.31803212113759,49.038884614200754,-43.355259332985405,-4.207162668629614,-0.6209182180062167,-0.8227345800331346,-0.10113840748246541,0.5782836666666669,0.0,16.480944444444447,-9.817997307116768,-4.205170283640227
236,"Kennedy, Art",LF,L,L,19,45,14,19,3,39,73,43,67,51,48,62,51,55,17,93,83,75,75,35,53,0.23490999999999992,0.2982,0.24454000000000012,530.03,936.7202281244099,0.9612377531433773,34.865818346455,42.87504772621343,-86.20536170487345,2.970008389879405,-1.6506008204592841,-0.29101053290774354,-0.02875073730745174,0.5427400000000001,0.0,17.667666666666666,-4.818519691997993,-7.123537705316176
429,"Kensing, Brent",DH,R,R,21,30,18,14,36,23,59,26,47,33,31,1,68,65,42,59,69,4,71,12,87,0.24632249999999994,0.292255,0.2968291666666664,454.2125,538.0617708843201,0.40862710806302965,52.119839316353776,45.4242373784134,-33.613189742749725,-3.8898064870751465,1.5027615955874298,-2.766683561590867,-2.213257365488177,0.5890841666666664,0.0,15.140416666666665,-7.380819902391224,-3.27668253635635
433,"Killebrew, Chris",DH,S,R,22,7,30,30,8,43,18,24,46,31,14,32,39,31,18,77,65,6,56,96,100,0.21062999999999993,0.30212000000000006,0.3019975000000002,511.745,761.1625390127301,0.5919197228364076,34.55627579314134,33.44291512218628,-90.12260419528393,-3.7995011349680574,-4.514895295158857,-6.296548392064655,0.241759197790853,0.6041175000000003,0.0,17.05816666666667,-10.441187092081346,-9.434087596686386
149,"King, Charles",SS,R,R,22,45,13,21,58,67,76,63,44,56,100,71,100,100,11,65,45,47,95,54,46,0.24242833333333327,0.316585,0.28700550000000014,445.67083333333335,732.704013671726,0.974047300006399,48.91270594846702,45.886630658880904,-31.390106966975384,-5.940491630248547,3.809573195480234,9.726280925315299,-0.016496520880218118,0.6035905000000001,0.0,14.855694444444445,3.769053568270195,-0.90504841410934
387,"Kroeger, Dexter",DH,R,R,19,31,26,23,24,43,55,0,22,40,0,0,32,48,46,87,72,28,41,47,84,0.22397333333333333,0.3041050000000002,0.36173999999999995,523.22,788.3500571157783,0.3308375055704747,39.264939626862144,35.02015120374714,-74.62689298988101,-3.7054558020324406,-1.4746575573318077,-10.662147408250208,-6.392911619193653,0.6658450000000001,0.0,17.440666666666665,-10.81412972723976,-8.301844490512465
261,"Kubitza, Joba",RF,R,R,21,25,55,19,31,18,42,0,22,49,66,40,75,69,4,83,79,59,44,57,38,0.22357833333333332,0.2612599999999998,0.39933333333333304,481.3525,859.6996533572674,0.9315817877607533,60.87561609842071,52.58575352935755,-23.891385766026215,-2.394779373789216,-0.9274986012771741,0.12869430010863292,0.024829872054698755,0.6605933333333329,0.0,16.045083333333334,-4.4223233197390295,-1.4649496002564255
301,"Leon, Luis",DH,L,R,21,36,64,40,74,46,52,1,41,47,19,4,75,71,55,63,49,3,57,79,8,0.2621566666666666,0.32179999999999986,0.43650166666666684,428.61,686.4596757404506,0.49686577928849074,90.35482438325135,80.50576007079468,-9.383537648399589,-3.939951711525714,-0.6781488573834801,-1.897200051644319,-0.8478743323307482,0.7583016666666667,0.0,14.287,-9.416456457345003,-1.043188422161239
390,"Liefer, Neil",1B,L,L,18,0,0,17,21,21,73,68,40,40,75,54,48,35,7,87,90,86,22,61,23,0.21941999999999978,0.26975000000000005,0.26574000000000003,503.3733333333333,861.8755485210568,0.8790965269625245,9.045412750357869,27.779785101290702,-98.554768415704,4.642439877686012,-25.057440941487446,-35.171631319071714,-0.028750737307451583,0.53549,0.0,16.77911111111111,-7.389193660159951,-12.063930385249153
304,"Ligtenberg, Jeff",DH,R,R,19,32,0,13,2,14,94,67,19,47,73,54,27,55,19,100,77,95,0,32,98,0.18915000000000004,0.2357949999999999,0.2327699999999999,497.664,904.4305830672383,0.47068104199855854,-1.961312511741667,34.461465542151345,-102.50556158590597,22.209526530110615,1.5977081631437318,1.5028670850383403,0.2234694902276101,0.4685649999999998,0.0,16.5888,-12.406455186107522,-7.5200048261080985
59,"Long, Jude",SS,R,R,22,41,0,24,66,39,86,64,43,65,79,80,77,95,19,100,100,72,81,61,61,0.23556333333333326,0.3078225,0.28078499999999995,495.0183333333334,1066.4994167387486,0.96619524830336,53.32764257245621,62.3347539526901,-36.54313270678223,2.707479525493765,1.7624175862741727,-0.6416511732094413,-0.1616443846945841,0.5886075,0.0,16.500611111111112,5.486108110796032,-1.2589227206422349
293,"Lopez, Guillermo",3B,R,R,20,25,25,32,18,34,44,55,36,48,53,77,64,67,33,72,61,72,63,82,77,0.20746000000000003,0.26354333333333335,0.3634200000000001,507.05699999999996,799.9054855983704,0.9712511789365744,26.99566554466308,41.949141100133495,-71.13707926039918,-0.5358049792922382,-0.8142420149895142,-0.1190591865396671,0.05693295489650838,0.6269633333333334,0.0,16.901899999999998,1.371580050751664,-5.394111548981975
318,"Lowell, Peter",DH,S,R,20,26,11,49,24,27,44,78,16,46,0,35,82,78,70,74,100,47,90,62,56,0.20286,0.2798300000000001,0.25169499999999995,475.77,760.1041096635163,0.9336493598749224,34.70353226904342,33.336004604618836,-62.715617211536426,-3.2456753809911993,-2.433779686237268,2.6871871763149406,1.0876891775030413,0.531525,0.0,15.858999999999998,-10.426668170967302,-5.8298568240126185
124,"Ma, Vinny",1B,S,L,18,92,0,63,2,33,69,56,53,58,98,72,47,39,0,79,82,77,44,46,97,0.24742800000000006,0.3039933333333335,0.24392000000000005,528.65,878.5235786698759,0.7819779032698447,33.31255182521427,47.11151588314675,-78.58478690175451,2.7285677476665593,0.9098706948511182,7.392859245161633,-0.005475969718859042,0.5479133333333336,0.0,17.621666666666666,-7.531923685441322,-5.883461171454848
425,"Maduro, Raimel",DH,S,R,20,13,49,11,27,14,46,1,33,34,60,26,58,52,4,72,50,13,27,88,83,0.21579666666666664,0.26819749999999987,0.357921,522.89,685.0130409039557,0.8454675650144996,43.73152933714871,42.5953794133533,-45.60686387188931,-4.001098988934386,-2.1054263750682325,-4.828003357455288,-0.28535611050555515,0.6261184999999998,0.0,17.429666666666666,-9.396612358078954,-4.676937027925583
302,"Mahtook, Robbie",DH,R,R,18,59,31,54,13,33,27,2,72,47,18,30,58,49,28,84,73,34,81,60,70,0.24152333333333348,0.30890000000000006,0.30808749999999996,490.12,857.3730901367962,0.6960417311945005,54.511368747055,51.10461104101277,-67.61150741042576,-5.7367508036422565,-1.5812017716247835,-3.9424426758418925,-0.12620838977850302,0.6169875,0.0,16.337333333333333,-11.760947738502006,-7.328856308105584
288,"Malone, Tyrone",2B,R,R,18,32,11,6,59,22,61,41,72,48,70,64,62,70,1,93,61,54,93,51,36,0.23643833333333342,0.28217500000000006,0.2814266666666669,450.98333333333335,948.4543952345848,0.960860921085987,58.750108257213306,52.44009455476619,-43.150475950161415,-2.9888541777898974,0.003851248896669726,1.7440609690951667,-0.01981218033049544,0.563601666666667,0.0,15.03277777777778,1.6262935446409204,-2.7955239302129127
422,"Marlette, Brady",C,R,R,20,49,3,18,0,37,23,59,42,34,10,21,83,70,65,59,51,30,95,28,90,0.2355266666666666,0.271,0.19655666666666666,402.7833333333333,538.4157325103879,0.9839800052111802,20.75685475301641,28.79659714787564,-81.3667049514637,-6.681906813710032,-1.354268603498494,12.828935973886368,-1.1888358673793187,0.4675566666666667,0.9614412000012035,13.42611111111111,2.7696282536542585,-5.852103298757704
290,"Martin, Ahmad",DH,L,L,21,15,64,12,23,36,56,18,59,48,49,26,66,49,0,85,100,32,100,32,100,0.21007999999999988,0.28068333333333323,0.4550174999999998,509.6903333333334,879.645027153194,0.7858550652900029,91.31091578036273,83.4083126876453,-14.17550266986883,-3.041851923573583,-1.5530735941582736,-4.305863326269065,-0.060920514430195374,0.735700833333333,0.0,16.989677777777782,-12.066461277821592,-1.673109684469095
414,"Martin, Dillon",1B,R,R,19,2,18,19,27,50,24,3,2,36,64,34,55,63,2,71,65,44,48,59,57,0.22969999999999996,0.3175200000000001,0.291175,515.0493333333333,697.5730205029249,0.8270650693762605,55.10763369302524,34.39120796838432,-51.151982027774714,-4.4598635368462505,-10.659615056124313,-10.817177202540364,0.030144199265681636,0.6086950000000001,0.0,17.16831111111111,-5.980564304723293,-5.56775336672004
35,"Matheson, Timothy",2B,R,R,22,74,46,60,38,62,68,100,63,71,76,76,53,67,23,87,56,54,52,52,44,0.2608925000000001,0.3369324999999999,0.3674724999999998,516.98,994.071487903595,0.9652373489309412,84.70307459768306,73.82136793289061,-14.961644608187864,-3.781367852981512,1.563019560976557,2.5892662569161375,-0.014562282474179815,0.7044049999999997,0.0,17.232666666666667,1.7045121534698129,0.28054142574706165
105,"Mayberry, Duffy",RF,R,R,21,51,27,31,23,36,76,47,57,60,80,54,68,98,0,89,75,88,46,81,47,0.234495,0.28459499999999993,0.35147999999999996,543.17,884.8412619121373,0.9628394255039542,50.72985222290383,60.381548079117465,-51.747077337418695,6.265077010637633,0.7295514564014554,1.0669203097372553,-0.016092501831151,0.636075,0.0,18.105666666666664,-4.551652581852558,-3.1104785462731566
303,"McCallum, Jason",SS,R,R,19,39,8,11,10,8,74,64,51,47,65,86,81,90,23,93,43,52,76,49,33,0.22227799999999986,0.25140000000000007,0.24783000000000008,474.01,872.9326410330832,0.9429000012672497,17.218187973359285,31.86582960919912,-83.83483724607025,-3.507942494513996,2.177525597503042,7.692290908243856,0.3833004824061775,0.4992300000000002,0.0,15.800333333333334,4.490394243997342,-5.98285439333379
103,"McCarthy, Elston",1B,L,R,18,2,93,40,42,35,29,11,42,60,38,79,68,45,10,100,79,41,59,0,84,0.25006700000000004,0.29066483333333354,0.4863720000000001,533.3091666666667,1159.6249069422483,0.9557053373818473,97.33488067532477,90.92626848719135,-4.60820500304221,-2.5057387610784234,-0.14212087053906522,-7.283758505896462,-0.44239087149262,0.7770368333333336,0.0,17.776972222222224,-9.941914497104323,-0.6614471810063848
46,"McCoy, Merkin",RF,R,R,22,56,57,26,41,63,56,68,38,67,61,65,59,73,12,82,100,73,67,18,53,0.26574250000000005,0.33459083333333334,0.4262104999999999,507.05166666666673,993.3039785809815,0.9630245462681291,88.11792727368906,83.86283165583274,-12.207884028918432,0.23101673781368556,1.5741319187451805,2.086856594242629,-0.012163313838649211,0.7608013333333332,0.0,16.901722222222226,-5.109588367186118,0.19171448221724058
333,"McKnight, Darryl",DH,R,R,21,39,9,30,39,69,31,33,55,45,52,26,34,47,0,66,100,54,73,19,100,0.24244,0.31555611111111104,0.27874666666666664,522.1083333333333,752.8153036236763,0.7310346585344496,72.69489123967386,50.449483276796855,-41.622422408205665,-3.8489294746983758,0.4808652565657203,0.7396405307170328,-0.17855759608486138,0.5943027777777776,0.0,17.40361111111111,-10.326684549021623,-3.79521564521893
203,"McMasters, Herm",LF,S,L,21,20,28,68,47,48,71,41,54,53,44,57,80,67,25,76,71,29,60,86,58,0.26910100000000003,0.32420999999999994,0.3382016666666667,475.725,843.4195473641157,0.9687159196528832,72.8927983917591,58.33822212331847,-29.03900908936432,-3.821022269394321,-0.9402327932521068,1.7366671502786668,0.1995297023782433,0.6624116666666666,0.0,15.8575,-4.3385779185396895,-1.975926456385449
362,"Medina, Marc",DH,L,L,20,15,50,13,44,46,36,0,29,43,57,14,50,48,8,76,80,34,81,98,69,0.248298,0.31271,0.39077700000000015,528.0569761904762,784.489204056561,0.3386896870144203,63.279436261419285,57.277238304729515,-40.73571163052541,-4.485939639288273,0.6020797700927861,-3.510108648331953,-0.18243418704048434,0.7034870000000002,0.0,17.60189920634921,-10.76116877992539,-4.222185610874089
38,"Miadich, Clarence",RF,R,R,20,88,0,28,55,61,85,85,34,69,89,54,65,69,0,85,81,92,78,48,78,0.24968833333333332,0.31561583333333343,0.2851666666666666,568.4958333333334,945.4547720737755,0.9658798088954234,63.74764946567997,70.79692569079322,-32.681955330955134,9.2912925685998,3.683899097449077,7.173570895663505,0.001488532043688648,0.6007825,0.0,18.94986111111111,-4.863450473630532,-0.21475078880821002
289,"Mientkiewicz, Troy",1B,R,R,22,19,9,16,10,43,72,35,56,48,49,39,49,64,10,95,84,93,64,73,90,0.20443999999999998,0.29735333333333336,0.256294,547.6266666666667,889.1011833921075,0.9284869794819144,19.03012629549715,34.01600457620668,-94.60642629640978,5.081038713112015,-1.0223552086727512,-0.08340695973773438,-0.028750737307451674,0.5536473333333334,0.0,18.25422222222222,-7.622609596983089,-7.960088952853263
118,"Minor, Stump",DH,R,R,19,62,73,57,77,51,49,1,39,58,20,4,73,68,45,64,31,61,61,67,66,0.26571500000000003,0.32837649999999996,0.46881,445.9116666666667,746.8207527492195,0.5188330652915104,104.74291490232552,92.97915692854569,2.2611111585253236,-1.7301399384639742,-0.07501789777251924,-0.7161447162977399,-0.5719294225940004,0.7971865,0.0,14.863722222222222,-10.244454770222491,0.44691113883910066
284,"Mooney, Cal",1B,R,R,18,19,32,11,39,23,62,68,29,48,64,64,38,58,5,85,77,63,72,19,40,0.23886833333333346,0.2771058333333334,0.34333250000000004,495.76,904.8442110549659,0.9535485026464677,53.61630088748879,49.44499449077737,-44.55773283974213,-1.5388290205479092,1.0049316037482354,2.6076925065269405,-0.02435190308232539,0.6204383333333334,0.0,16.525333333333336,-7.757580684627623,-3.4995320268875947
248,"Moran, Greg",RF,R,R,20,26,27,21,33,32,51,34,60,50,77,50,66,69,13,74,73,82,66,100,81,0.22671499999999983,0.2739575,0.36610857142857134,493.69,785.4919049311429,0.9690835003852458,54.940401047758826,50.83719815487294,-41.04315129593705,2.60635760199347,-0.4957365968922516,0.2123113278286043,-0.024824141479384363,0.6400660714285713,0.0,16.456333333333333,-4.0405962187816,-2.6012565018818403
122,"Munoz, Brad",2B,R,R,19,40,0,45,26,55,98,51,64,58,76,61,78,79,19,100,50,51,51,67,73,0.24038666666666667,0.31593350000000003,0.24642500000000012,517.29,931.2254460901022,0.9562148181506261,42.17271269123246,44.38016137248649,-44.74245317381192,-3.9854409335858616,-0.2915795686239183,-2.622776364690898,-0.17869862586091786,0.5623585000000002,0.0,17.243,1.5967514507717804,-3.276766795984868
92,"Norris, John",SS,R,R,19,54,27,41,0,48,43,70,68,61,66,85,90,88,24,83,70,84,87,88,57,0.2278473333333334,0.3221183333333333,0.30898333333333333,458.48,903.2995449900627,0.9606679976838803,53.47042857442892,58.71817662183666,-48.03314805374796,1.7736832861646052,2.8434289031095585,5.787566807300462,0.03599283198551776,0.6311016666666667,0.0,15.282666666666668,4.646602597685508,-2.0704860286765614
400,"Ojala, Dylan",LF,R,R,21,40,0,11,2,24,63,61,31,38,53,52,58,50,8,73,69,80,65,52,4,0.2133275,0.23788999999999993,0.2077100000000001,542.96,730.532962044701,0.9564977627955813,13.332156511040099,37.71703218659717,-99.72547951613177,2.8458997317838843,-1.9116356917002126,-4.094799059846497,-0.02440941272162564,0.4456,0.0,18.098666666666666,-3.7578856072258278,-8.731777051631614
19,"Oliva, Sammy",SS,S,R,18,87,12,47,22,62,79,63,69,75,100,90,80,78,32,82,100,97,44,36,85,0.23198333333333349,0.3044178333333333,0.30421366666666655,509.425,974.9714629463851,0.9445877866759569,43.86272586572327,63.11116286831167,-46.39373272878178,10.408596340065579,7.39006845983303,14.495474070346766,0.40317213796427603,0.6086314999999998,0.0,16.980833333333333,5.0152853032221465,0.05104559627984218
265,"Olivares, Maikel",RF,R,R,19,32,14,26,13,58,69,39,54,49,63,47,83,74,0,76,79,40,84,60,100,0.21800699999999995,0.29447,0.23726249999999996,473.776,763.681613272056,0.9556630128599458,26.344822970246938,32.25583498872255,-77.27875839079314,-4.868848225038473,-0.8799292467426595,-0.13206561735013442,-0.020165787812089116,0.5317324999999999,0.0,15.792533333333335,-3.928403360452963,-7.0971635913625
306,"Olivares, Rafael",DH,R,R,22,19,24,17,42,37,75,0,84,47,56,16,64,56,19,83,71,71,50,24,79,0.24937666666666666,0.3001400000000001,0.36807999999999985,507.035,793.4791416991502,0.579017267866108,58.773181208320196,54.017536959476445,-47.52158218480386,2.3845490133329967,0.8155917853774756,-2.969231343095877,-2.080220190940368,0.6682199999999999,0.0,16.90116666666667,-10.884487540454735,-4.242198006365197
151,"Ortiz, Efren",2B,R,R,22,47,40,35,16,45,69,23,77,56,71,64,84,82,0,78,40,67,86,51,83,0.2392750000000001,0.307396,0.33695333333333316,478.556,811.7076097242534,0.9421750011250538,61.7521532378623,59.08537146262006,-43.57345945186657,-0.10956428547059809,0.11247878085009448,4.6136329051378135,-0.029277793861440405,0.6443493333333332,0.0,15.951866666666666,1.3918168891019433,-2.189728201039684
243,"Ortiz, Vic",3B,R,R,19,49,17,45,0,32,67,59,38,50,54,59,65,56,0,82,58,76,80,33,81,0.22973266666666667,0.27543,0.25522,480.772,832.275731196627,0.9585136332775026,31.769853260492617,49.77984736057813,-71.16890515483468,2.497032023765881,-3.5557248301579105,-1.8946641600170389,-0.028751566547867626,0.5306500000000001,0.0,16.025733333333335,1.4270845870998405,-5.353317509446498
219,"Owens, Orval",1B,L,L,19,51,9,23,41,16,84,67,66,52,76,44,38,66,3,82,92,89,76,84,45,0.2531300000000001,0.27840500000000007,0.29919666666666683,504.02,847.5410318858922,0.9191200343689738,59.11065870875347,54.43279907455407,-46.17458616718653,7.78212512316492,0.39120732728960644,2.4533877821374563,0.01990078779737653,0.5776016666666669,0.0,16.800666666666665,-7.266298284344068,-2.661323112717786
438,"Palmeiro, Andres",DH,L,L,18,0,15,29,7,48,10,15,41,27,4,33,14,42,0,68,90,22,66,60,78,0.2190599999999999,0.31061333333333335,0.24762499999999993,540.685,704.48284708336,0.5025863852700387,19.686876574706965,28.08766704250438,-96.38425280614027,-3.860889482003223,-15.400514101353721,-26.47094923983328,0.16475376476081577,0.5582383333333333,0.0,18.02283333333333,-9.66368788866063,-11.92916480600408
282,"Parkinson, Rex",DH,R,R,20,56,20,49,40,32,53,4,66,48,13,5,49,79,62,69,98,50,55,51,56,0.25739000000000006,0.3137183333333333,0.3221158333333335,459.34,702.0688910987228,0.7473274749342793,59.6908188006769,48.391798753910756,-34.45491993589333,-4.59840444381582,0.05103128981340088,-0.45667935780734026,-2.8344461534921415,0.6358341666666668,0.0,15.311333333333332,-9.630574637842564,-3.4096405215202523
154,"Parrish, Rob",1B,R,R,20,33,49,32,27,64,64,81,50,56,43,35,52,60,22,79,100,50,43,86,73,0.23325333333333326,0.3220834523809525,0.36454499999999995,505.3775,866.9068966899067,0.7856637755992844,66.0926628355683,66.48361853074387,-28.88098242487102,-4.282905519137878,-1.5787359443580318,-1.19482315432564,-0.024254058031595388,0.6866284523809525,0.0,16.845916666666668,-7.432329361196046,-2.514212327021374
109,"Patterson, Mark",1B,R,R,18,40,39,55,28,52,58,49,35,59,37,76,60,78,0,79,91,72,88,66,53,0.2476532142857143,0.31827666666666676,0.3738883333333333,514.5771428571429,943.1206705905497,0.9641379876606361,73.48983260535633,65.410484375097,-24.547253526313416,2.133179315891142,-1.3985803831890469,0.4829984191312665,-0.20901532507219436,0.6921650000000001,0.0,17.15257142857143,-8.085739631263285,-1.296583696920154
26,"Pauley, Peter",RF,R,R,20,60,47,56,46,63,79,42,58,73,58,59,58,77,22,90,78,80,37,52,79,0.25526249999999995,0.3169916666666667,0.37047333333333315,540.8018333333333,1013.5582388192415,0.9526053507166162,85.97751950257798,83.55206665680018,-16.109357812585447,4.632992391859812,1.5474957987198776,3.362225563553721,0.003984420740967062,0.6874649999999999,0.0,18.02672777777778,-5.21377694865865,0.47359189579939326
147,"Pecina, Horace",DH,R,R,20,75,45,41,23,65,68,33,37,56,0,13,75,46,51,88,65,5,54,37,50,0.24626,0.35043749999999996,0.37069999999999986,480.8833333333334,885.5972916167229,0.6753663418691117,77.34239152493947,67.47376470727407,-31.62281630176554,-5.224804840383798,-0.7379955449798588,-4.7933076048825525,-8.695747735449189,0.7211374999999998,0.0,16.029444444444444,-12.14811099611417,-3.80577946822987
1,"Perry, Cy",2B,L,R,20,73,92,83,94,58,62,32,52,90,83,64,57,92,4,92,83,74,79,66,77,0.2973578571428572,0.35644750000000003,0.5875666666666668,665.7908333333332,1161.7851888351142,0.948659881233162,138.17709331290288,136.20126630678178,39.37179157373796,1.634968516569279,3.847541433334279,6.947040000131523,0.052090908736408176,0.9440141666666668,0.0,22.193027777777775,1.9920870864799625,7.270861862346418
85,"Phillips, Max",C,R,R,20,63,29,55,10,55,14,33,67,62,61,87,71,85,40,92,60,59,48,89,48,0.2421400000000001,0.31985266666666673,0.3229273333333334,485.9316666666666,990.4706571027637,0.7369748573182509,64.77833288720244,61.22380638804042,-41.61986317902416,-3.6995402553291257,2.0039460252471986,7.470344146285314,0.14653785252773024,0.6427800000000001,-5.853348374944138,16.197722222222218,5.095013668224093,-2.258664798897726
181,"Phillips, Scott",RF,L,L,20,0,57,43,41,59,44,3,17,54,63,40,63,62,25,100,76,24,56,81,53,0.2567483333333333,0.33671999999999985,0.4523599999999999,489.69466666666665,996.826898291707,0.932661742183137,89.66664463193558,71.21809224751033,-8.996264161154361,-3.458053424315196,-19.496001227832412,-29.459147353229557,-0.43723924517964574,0.7890799999999998,0.0,16.323155555555555,-5.127710382158987,-3.096060961529629
322,"Polanco, Javier",LF,L,L,22,27,2,12,7,28,60,69,65,46,61,75,53,53,8,99,78,83,28,100,35,0.18904999999999994,0.25570999999999994,0.21658000000000008,512.7,979.5162561647594,0.9661437564375989,6.4891586589827295,33.67642624912487,-98.59125738460617,3.5574068724057937,-2.7393315556033193,-3.055234700192216,-0.3665621070277021,0.47229,0.0,17.09,-5.038663869160285,-8.671721620876232
283,"Poppell, Steve",DH,S,R,21,46,49,37,9,55,45,0,72,48,7,21,43,19,2,87,76,59,83,40,59,0.24444750000000004,0.3476083333333335,0.39693249999999997,523.1271428571429,921.933039335534,0.2931674102971216,76.3351591150741,66.97511419228321,-53.307134896272885,-3.162969236711664,-2.0020595525275517,-6.6283801660625805,-4.151364778911346,0.7445408333333334,0.0,17.43757142857143,-12.646543749458628,-5.876792891805178
161,"Posada, Dorssys",DH,R,R,20,36,67,18,21,77,13,17,30,55,23,27,39,44,38,84,100,58,54,85,52,0.236756,0.30326000000000014,0.47048738095238113,462.2,942.0999634172767,0.5709967073342056,88.88458104679533,77.85680278985109,-10.865963747549936,-2.1904745193307056,-1.5398800219635531,-4.067703776732742,-0.18837780476763477,0.7737473809523813,0.0,15.406666666666666,-12.92318193988034,-1.4756279185991636
420,"Pratt, Quentin",DH,R,R,18,9,33,0,4,32,74,19,4,35,31,46,64,44,7,89,27,30,77,46,57,0.17794999999999997,0.2404966666666667,0.3498000000000001,504.06583333333333,802.8247935529798,0.5810503341232528,23.910291451601324,25.84583043602973,-105.01000719234648,-2.3149142625248,-2.9157951441699566,2.3243573941990117,0.1577598326955373,0.5902966666666668,0.0,16.802194444444446,-11.012685782619752,-9.99945562635131
148,"Querecuto, David",DH,L,L,20,24,71,22,44,97,44,1,25,56,25,16,18,36,22,96,72,18,71,87,77,0.2541,0.33082,0.4791649999999999,489.12333333333333,1000.1199096310884,0.6161241901712298,100.2490349892292,92.21857813753287,-3.8613565737673725,-4.9090686988266325,0.5386945217431081,-4.771063372985184,-8.281435641266855,0.809985,0.0,16.304111111111112,-13.719065975735095,-1.104296998579999
63,"Quinlan, Zeus",2B,R,R,18,36,44,28,65,63,73,58,41,64,71,81,56,69,0,83,90,49,77,58,56,0.24256300000000003,0.31001666666666666,0.358532,502.6291666666667,1016.9271957911551,0.9685269982591961,78.93812530852401,70.9823115939368,-21.750049416972665,-3.355653084027079,0.9716408604437999,1.8995137752553453,-0.0150414988669704,0.6685486666666667,0.0,16.754305555555558,1.743702324744779,-0.474536282832467
152,"Ratliff, Bill",1B,R,R,19,31,25,46,41,61,59,27,63,56,53,33,47,54,19,100,77,48,52,16,71,0.2610108333333334,0.3329350000000001,0.3396450000000001,525.455,989.0570662990212,0.8153842173286145,58.355720632352416,56.80918705042443,-39.30798801459566,-4.592763960460194,0.6340415177708018,0.7403357680657366,-0.5191200852199006,0.6725800000000002,0.0,17.51516666666667,-8.479570184319456,-3.439431414392234
137,"Redondo, Orlando",LF,L,L,22,56,47,49,14,61,70,50,31,57,51,47,61,40,7,72,88,69,59,68,27,0.24204599999999993,0.3338983333333335,0.38706499999999994,516.845,855.7524058632553,0.8930951319520498,83.57786651569799,69.78899853944759,-46.89567432826227,1.070361914396423,-0.6230586091949142,-0.9135894366026458,-0.020822780564017193,0.7209633333333334,0.0,17.228166666666667,-4.402018548679297,-3.418057340001483
367,"Reed, Paulie",DH,L,R,18,27,40,8,38,42,66,51,52,42,0,37,72,64,35,73,42,23,57,51,76,0.23962000000000003,0.28087999999999996,0.35643999999999987,493.3975000000001,750.0777082443237,0.6599424715537937,50.67479480354395,50.16272599400972,-41.69357364843195,-3.5661880031544557,-0.5265043975242499,0.26546788833999607,-1.0405833531096946,0.6373199999999999,0.0,16.446583333333336,-10.28913180033366,-3.9143548971203646
201,"Robinson, Apollo",SS,R,R,22,77,12,9,0,20,68,100,38,53,68,76,68,71,13,75,67,88,63,54,73,0.23092000000000007,0.2698324999999999,0.2544700000000001,496.7755,804.6534790769219,0.9649191784697029,25.34488437220352,45.36269255625859,-71.50850589392275,5.69318510431733,0.6621030392270287,2.274739082976039,-0.007502329264669096,0.5243025,0.0,16.559183333333333,4.139163987021203,-4.318057296710036
28,"Rolls, Donn",1B,R,R,19,87,58,83,55,40,52,0,71,72,72,36,47,78,0,86,91,66,62,21,56,0.272972,0.3261293333333334,0.4451200000000001,529.985,987.1057450175285,0.8654420741627393,99.94531527561783,82.4682993279656,-7.642908689747737,-2.6436259975044383,2.335693880252104,3.7003030133403345,-0.17913242810749125,0.7712493333333335,0.0,17.66616666666667,-8.462840749464409,0.26377622585059207
5,"Romano, Xavier",LF,R,R,18,63,68,69,83,58,66,74,54,82,65,100,56,42,11,96,92,62,65,64,77,0.2755083333333334,0.3313899999999999,0.45189199999999985,603.04,1275.7128412090242,0.9752753331340301,98.43759144405192,92.50490798111794,-2.726246990022801,-1.3683179853484089,3.036101289865522,5.945911134383628,0.005547402598356064,0.7832819999999998,0.0,20.10133333333333,-6.562308853955885,1.5511913229124576
267,"Rondon, Pepe",RF,L,L,18,27,4,12,6,32,92,100,13,49,65,83,61,60,21,76,80,87,74,0,96,0.18242999999999998,0.2487083333333333,0.2313525,500.505,812.3667679205537,0.9597232454856732,10.22622765365374,33.22763814177528,-87.89647046271082,8.089304083570436,-0.6351255508483341,1.9700703222861076,-0.024409412721625248,0.48006083333333327,0.0,16.6835,-4.178841398768281,-6.584838823380349
232,"Rooney, Andrew",DH,R,R,19,30,37,49,26,36,20,46,46,51,4,21,64,72,96,86,59,61,49,0,62,0.240405,0.2928116666666665,0.3553056666666665,456.42,820.8278070837259,1.0349628266868829,57.26631876546759,55.46539166669466,-42.058551473595706,-2.828008966458675,-1.2486433326968636,-5.567667409310542,-0.46508460627455184,0.648117333333333,0.0,15.214,-11.25964070073698,-4.68670926167079
259,"Roosevelt, Gerald",DH,S,R,20,46,43,31,8,60,52,38,51,49,42,22,57,41,1,84,65,37,87,37,79,0.24945966666666675,0.33799400000000007,0.36382583333333324,485.8178333333333,834.8165320642292,0.6325749129172538,70.33620048676379,56.13462096150229,-59.9674363724972,-5.429657706706691,-2.0089309616408,-6.892419520413258,-2.1970060801572187,0.7018198333333333,0.0,16.193927777777777,-11.451529932293953,-6.808055654242312
266,"Rose, Curt",LF,L,L,20,43,24,25,27,58,80,76,44,49,53,50,56,49,0,65,60,74,100,31,65,0.24171416666666656,0.31682000000000005,0.35845000000000005,477.63599999999997,743.3653342667967,0.9212430267210182,66.24454436498648,58.356673393318495,-39.696179264311155,5.072434937828109,-1.0732287326074779,1.9383922916665681,-0.03780523371750276,0.67527,0.0,15.921199999999999,-3.8238957524012176,-2.0750638066881715
371,"Roskos, Jiggs",DH,R,R,20,29,39,39,37,0,55,18,42,42,65,22,67,61,4,89,21,29,48,56,82,0.24327666666666667,0.27445583333333334,0.3638516666666664,477.5658333333333,780.45301056467,0.4069092628675487,59.00886863065202,53.952882691333635,-37.77756555994505,-3.008129119673795,-3.8818073795794223,-7.601089357430338,0.0575213037125783,0.6383074999999998,0.0,15.91886111111111,-10.70580261405583,-4.351468201057501
214,"Rowand, Bruce",DH,R,R,18,65,38,38,49,46,44,12,35,52,3,6,45,51,57,81,67,43,87,59,59,0.27186,0.3371000000000002,0.3943949999999997,483.28154761904756,839.4336723517627,0.8623185773304576,76.74779662627627,66.86096630602827,-30.012182969687288,-5.541377092347456,0.05701153027250732,-4.983213254222801,-6.197556211837303,0.7314949999999999,0.0,16.10938492063492,-11.514865190010461,-3.6226100850931884
84,"Rusin, Jonny",SS,R,R,20,50,51,37,15,28,72,96,41,62,72,69,91,93,23,69,96,90,63,48,71,0.22949000000000003,0.27598000000000006,0.32976333333333324,491.1726666666666,813.4318602606654,0.9602533269408537,50.78617865507064,57.10284282908298,-42.334243472950064,5.30847031133116,-0.6700113746242298,2.0339945112288893,-0.020165787812089227,0.6057433333333333,0.0,16.37242222222222,4.184320268830583,-1.4549034173639657
245,"Russell, Aaron",LF,R,R,18,20,61,8,23,51,42,24,26,50,65,48,67,44,34,80,90,22,68,29,63,0.2047899999999999,0.3098433333333333,0.4233433333333332,484.1125,875.1527506709099,0.9771714586643735,82.74765829939179,66.43564025645308,-15.35823197641668,-3.507763165514715,-0.1825707858516818,-0.05149398307850877,-0.34896604303837736,0.7331866666666664,0.0,16.137083333333333,-4.501814561064352,-0.7339730334064273
25,"Ruth, Claude",RF,S,R,21,63,54,69,71,63,60,20,40,73,76,54,80,78,32,73,83,69,70,57,100,0.26325666666666675,0.31947083333333337,0.39891666666666686,520.755,926.9593246243894,0.953750484463108,88.78255798279096,83.6996669229725,-8.925337909901126,0.1477368666122615,1.9310740397123924,3.3340542546578957,0.13542825966769653,0.7183875000000002,0.0,17.3585,-4.76830928304727,0.7203083220039663
319,"Sanchez, Oswaldo",DH,R,R,19,53,34,54,12,61,88,1,26,46,0,1,57,46,39,59,92,55,68,36,51,0.24956249999999994,0.3518500000000001,0.35736999999999997,486.32,643.6972012445331,0.2528797551512756,63.035729736836394,60.13227846105259,-70.39457014924028,-3.108064077995793,-1.2904008836223215,-3.181235833369139,-6.821665137728333,0.7092200000000001,0.0,16.21066666666667,-8.829865586344761,-6.985037708270934
163,"Santiago, Robinzon",DH,L,L,19,61,27,48,16,39,86,62,48,55,45,22,28,48,13,89,100,64,48,47,52,0.2518399999999998,0.3167913333333333,0.3548628571428572,534.4425,890.4623382594436,0.5078405624802679,49.55810404133936,52.47441524095377,-68.2361871367614,2.0896726337530462,-0.15394777804850246,-4.241569048711449,-0.7744302470293488,0.6716541904761906,0.0,17.81475,-12.214846889704301,-6.529983305102382
75,"Scalici, Benji",1B,R,R,22,100,25,69,14,52,97,40,19,63,48,37,72,47,0,72,85,85,70,16,42,0.26388633333333344,0.3430025000000001,0.3545375000000002,475.74800000000005,837.4253028407693,0.8390423906955762,42.242802976754284,64.23907341005558,-78.07007382010863,8.708634983862094,-1.298326803301698,-1.0539992375926068,0.04590355465138849,0.6975400000000003,0.0,15.858266666666667,-7.179572212283687,-6.222429807407836
197,"Schlereth, Ernest",C,R,R,18,37,27,0,28,64,51,34,32,53,89,62,84,70,44,67,100,45,89,29,44,0.22262999999999994,0.29999666666666686,0.31539600000000007,440.875,776.5727449767292,0.9302150946232991,53.55134200372508,48.44270340035537,-35.63519123972764,-5.029993556612334,1.1831970898197175,7.09367638974423,0.22001172597778268,0.6153926666666669,-3.633123926796114,14.695833333333333,3.9947157663411996,-1.8660294763912126
338,"Schoop, Erisbel",3B,S,R,20,31,0,32,32,0,84,61,49,45,83,57,65,62,4,87,59,77,67,86,33,0.22300000000000003,0.254475,0.27043666666666677,442.4566666666667,831.7590176053345,0.968457211855635,56.388412894348946,52.1333664636277,-43.599344759125245,5.116601260904255,-3.925349489789089,-5.15002139913133,-0.03756473899606374,0.5249116666666668,0.0,14.748555555555555,1.4261985898582552,-2.767485528685099
43,"Seaver, Robel",CF,L,L,18,66,34,0,0,50,94,92,13,68,82,94,79,65,11,100,81,91,47,71,58,0.23920999999999995,0.322886,0.31577800000000006,523.87,1072.7335975915194,0.9564864033224175,55.29288539490065,59.19443001559223,-46.27306242568996,10.73623829812922,2.3320848434461228,2.5774157878307933,-1.0230367827080167,0.6386640000000001,0.0,17.462333333333333,1.8393923141144022,-1.3765541702104356
67,"Service, Hank",LF,R,R,18,27,67,96,42,60,60,50,39,64,48,67,57,79,0,79,84,31,100,100,68,0.268282095238095,0.32685666666666685,0.4337165,509.9550000000001,950.2015028893948,0.9504665065912722,89.61437101855658,80.38236439510779,-6.138654250130718,-4.355695722930857,0.36504873692230033,0.006990771541044839,-0.17022211943154572,0.7605731666666669,0.0,16.998500000000003,-4.887867813217052,0.16360924818641684
17,"Sheffield, Jim",2B,S,R,19,85,41,66,69,66,72,43,62,78,93,67,71,75,4,79,85,90,74,12,33,0.26310933333333336,0.32358200000000004,0.38135099999999994,588.0045833333332,1007.450470674783,0.9595881252267305,90.94133544913814,91.78403023255953,-14.1444970983845,8.125677035005365,4.441409565322429,8.047327199169978,0.01881530025459232,0.704933,0.0,19.600152777777776,1.7274527960815895,2.3540563267399732
233,"Sherman, Petey",RF,R,R,22,2,43,26,26,49,41,0,23,51,60,50,61,63,13,99,92,53,43,79,57,0.22362999999999986,0.32286666666666675,0.38349999999999995,528.7766666666666,997.3584426287562,0.9660795428691319,66.16303873495664,50.45185016913209,-41.02204530893362,-2.6394147478832997,-7.8022473402971535,-16.547869347638088,-0.3260264686107234,0.7063666666666667,0.0,17.625888888888888,-5.13044466372817,-4.809069671651902
6,"Shin, Shunsuke",1B,L,L,18,100,81,55,100,100,72,29,67,81,59,44,51,38,35,72,100,27,77,47,80,0.3076083333333334,0.4202066666666664,0.5269666666666668,568.4616666666667,1058.5328907966614,0.5821884802469371,145.55357071341857,142.73775788014666,41.32893956645672,-7.454729228740099,2.9795762125239253,6.886667195118699,-2.4613328304588964,0.9471733333333332,0.0,18.948722222222223,-9.075213398462461,5.103426200888716
94,"Sierra, Victor",1B,R,R,21,48,82,46,14,74,55,27,48,61,52,41,65,51,0,82,100,16,66,69,65,0.23903499999999997,0.31896,0.45868199999999987,499.3635,944.2155108191073,0.9047763209285611,102.74884528499496,89.07014977224452,-1.3964173836271094,-7.109626457319843,-0.03577536675905837,-0.6578978045148628,0.03122718918742002,0.7776419999999999,0.0,16.64545,-8.095126121562991,-0.06184636992558993
153,"Silva, Mariano",DH,L,L,20,56,38,24,43,38,88,6,53,56,55,33,31,63,14,84,89,68,57,34,59,0.27819999999999995,0.31118000000000007,0.3602599999999998,500.9533333333334,887.46014745906,0.5499028590398984,67.07395442687385,70.85970357688439,-25.77353279627166,2.8514541688108106,1.482207521365807,1.7309998321787665,-0.013288195353680515,0.6714399999999998,0.0,16.698444444444448,-12.173664574198353,-1.679791792219355
426,"Simms, Troy",DH,S,R,18,12,51,2,25,8,24,15,34,34,37,21,28,28,0,90,87,44,96,99,36,0.2094549999999999,0.26609,0.3943949999999997,490.59,891.2003520801663,0.18750887931388754,40.496269906447374,39.20192643324351,-68.19120360920324,-3.2184154976611152,-5.974556032153062,-3.9846057012745857,-9.13256460451594,0.6604849999999998,0.0,16.353,-12.2249705360791,-7.1829006872118235
423,"Sisler, Wil",DH,R,R,19,31,19,21,9,45,46,1,34,34,11,7,69,57,30,58,95,24,91,34,68,0.22261095238095233,0.2994000000000001,0.2522,511.1,583.0258153937757,0.4328055022290562,17.41522688718394,29.83326778571463,-81.1701349968941,-4.252248399209825,-0.47610503395421994,-0.9073850219994186,-0.36458064083724934,0.5516000000000001,0.0,17.036666666666665,-7.9976106364029595,-7.790110141901196
16,"Smolinski, Charles",3B,R,R,18,54,65,62,67,71,51,75,19,76,54,86,87,69,1,90,57,45,97,49,96,0.26405866666666666,0.32547416666666673,0.41799666666666657,552.3826666666666,1118.6583119630814,0.9556578054773327,101.75249862580966,90.32746767898887,-2.9753317623242874,-6.886485577063992,1.2051122037104829,4.573585702995518,-0.019666527001286696,0.7434708333333333,0.0,18.412755555555556,1.918138394998425,1.5161458943051367
305,"Stevenson, Apollo",1B,R,R,19,22,63,32,30,42,41,11,33,47,60,38,79,63,0,83,60,0,89,58,51,0.21463333333333323,0.2718599999999999,0.4617391666666665,482.5866666666667,844.3959012683481,0.9020352861498947,79.13598353486809,84.91262887519865,-16.954606543610254,-2.7566763848961555,-0.7102161781927016,0.029705708638375537,-0.049273694125474304,0.7335991666666664,0.0,16.086222222222226,-7.239333858610666,-1.092025379711041
91,"Stevenson, Geoff",DH,R,R,18,56,26,23,63,58,64,46,43,61,50,46,31,44,11,100,68,73,78,28,78,0.27469999999999994,0.34478499999999973,0.3460183333333333,499.1508333333333,1071.310103179887,0.61523211824052,73.50268788851105,68.99551117675199,-36.811407433870805,2.4589482331637376,0.6593256180765086,2.3347613402808314,-0.5432550696928661,0.690803333333333,0.0,16.63836111111111,-14.695611840602016,-3.0312459904863247
361,"Stewart, Alex",RF,R,R,21,1,37,18,32,47,17,7,12,43,65,40,61,70,12,77,65,44,68,30,82,0.21873154761904753,0.30519000000000035,0.3207100000000001,488.63300000000004,774.3140298202634,0.8940858411389465,56.52249747126285,44.51069701896554,-47.17046205617057,-3.1763474752312586,-12.788349120733335,-18.01359090308489,0.09858624888040628,0.6259000000000005,0.0,16.287766666666666,-3.983096861215346,-5.649842033978125
244,"Stokes, Ken",DH,S,R,19,47,31,31,42,47,70,18,33,50,65,41,26,73,0,74,51,55,66,32,82,0.25362499999999993,0.32785066666666673,0.3754566666666669,496.59333333333336,766.5496092811227,0.4898772581545953,71.14506746892619,63.34498733402922,-30.789537009706564,-1.3824047898804792,1.2131531119966872,3.3537779307160602,-0.021275319888000487,0.7033073333333336,0.0,16.55311111111111,-10.51508380358193,-2.2960038454545706
66,"Stone, Anthony",1B,R,R,18,58,12,63,35,31,71,84,47,64,67,92,56,38,10,91,95,98,44,0,46,0.2507400000000002,0.3015400000000001,0.3039216666666666,568.2825,1084.5505688153207,0.8003292076073225,63.895683955434194,59.16951293587768,-47.14756167405506,6.7929787830392385,-0.48838164560528646,1.7792445305494162,-0.020765270924717312,0.6054616666666667,0.0,18.94275,-9.298273052257551,-2.915933751189718
424,"Storey, Boomer",1B,S,R,19,6,16,13,0,39,35,14,30,34,49,38,71,57,0,78,77,27,95,28,69,0.18734999999999996,0.2726186666666666,0.23101999999999984,500.9633333333333,731.0933786202222,0.8849907287980099,9.51662788014248,17.947812625804303,-95.71763506242644,-3.974687801473979,-6.215271533995714,-1.1005167109770173,-0.03564034520816335,0.5036386666666665,0.0,16.698777777777778,-6.267947347567063,-9.107562631175696
4,"Stubblefield, Vinnie",RF,S,L,19,67,100,66,66,88,75,39,64,86,53,58,61,78,21,82,64,95,78,25,61,0.278138,0.38749000000000017,0.5548249999999999,620.8954761904763,1059.8808280825615,0.9665515866601092,133.64537935262877,137.20536208601297,24.337276955840192,9.405752801781995,2.146109449080875,6.627652173911849,-0.009566822237598853,0.942315,0.0,20.696515873015876,-5.452061872852683,5.605434612773634
389,"Swann, Marcus",1B,R,R,22,44,5,16,4,41,65,60,39,40,44,33,56,47,6,71,100,51,47,0,52,0.23183333333333336,0.28997000000000006,0.21797000000000008,528.48,727.2964898347855,0.7924628596142016,22.685723558753843,27.415447982513037,-96.93812938810126,-3.200975799679863,-2.1728739159997863,-1.7718642813885563,-0.0243115676708952,0.5079400000000002,0.0,17.616,-6.235395146045828,-9.124531133833374
268,"Sweeney, Brady",DH,R,R,21,14,49,29,28,59,33,18,12,49,75,25,57,71,7,83,81,25,82,73,65,0.22774,0.3218691666666665,0.36058200000000007,469.7233333333333,814.0901823099703,0.6499056980919113,68.08669047964041,60.040394851514726,-35.231497963072904,-3.680848506428908,0.17278288970420708,-1.6767868970838402,-0.0716052528109477,0.6824511666666666,0.0,15.657444444444444,-11.167217864334297,-3.638399119130296
418,"Tamura, Kazuki",C,R,R,20,39,15,29,0,23,10,73,43,35,10,23,81,70,61,59,96,29,78,4,68,0.22536,0.26950999999999997,0.23057999999999995,420.57,597.2767901457846,1.02861391006668,10.341278461787216,22.85006232800311,-73.02017032789972,-3.597107277863776,-0.8444265111362738,10.489007899746877,-0.17921844366444625,0.5000899999999999,0.33114799070331064,14.018999999999998,3.072411471943336,-4.909035453463785
218,"Tejeda, Salvador",LF,S,L,20,33,0,17,83,54,49,68,54,52,95,64,54,67,3,65,70,84,89,23,73,0.26698000000000005,0.3303200000000001,0.2751274999999999,459.1975,801.4034808129072,0.9636343199676937,62.3375644881598,62.181131381191946,-32.81399531391838,2.566530302698094,4.685772970904975,10.04653397399447,0.00490366513329211,0.6054475,0.0,15.306583333333332,-4.1224458889552835,-0.9088002043842527
291,"Throneberry, Harold",1B,R,R,19,27,0,22,20,30,84,69,75,48,63,52,34,58,22,88,88,86,59,52,64,0.20181999999999994,0.2757433333333332,0.261225,497.5166666666667,860.124869287014,0.9628570009275801,23.702374951709693,39.555241813521945,-86.85539522986178,8.104240959701304,-1.0925259577913342,-1.704499762234365,-0.02875073730745188,0.5369683333333332,0.0,16.583888888888893,-7.37418440746754,-7.180860119148565
93,"Tillman, Cooper",3B,R,R,22,53,30,33,20,54,63,20,44,61,66,57,92,76,11,84,74,75,76,43,90,0.24510042857142855,0.3234700000000001,0.3128958333333334,492.92666666666673,895.6368795186281,0.9653328825777013,63.79190710511613,63.03035747882469,-43.373334376317686,1.9591818638881804,-1.6189785558759564,1.8716428238064753,-0.020165787812089143,0.6363658333333335,0.0,16.43088888888889,1.535728531410542,-2.174628386611682
336,"Tosoni, Brad",RF,R,R,21,41,4,22,0,44,63,40,39,45,52,49,80,63,0,89,60,67,91,79,18,0.21882500000000016,0.2989166666666668,0.21703000000000003,507.46833333333336,839.4351489506662,0.9582710057575299,26.75216324291659,40.25368029928895,-82.12824653061709,0.44693769042704184,-1.338950100113072,0.038161438419389335,-0.001027735364294179,0.5159466666666668,0.0,16.91561111111111,-4.318082041927296,-6.959089326638799
164,"Trujillo, Ivy",DH,R,R,18,44,42,50,25,57,61,48,74,55,30,59,39,65,0,73,89,69,81,53,76,0.23938200000000015,0.318265,0.3570533333333333,514.7083333333334,873.1728081982583,0.8696958504666042,70.46034182776701,73.41177249098224,-26.65210116143885,0.7000800264791921,-1.8870137274867462,-1.0477560956053484,-0.026420915387359748,0.6753183333333332,0.0,17.156944444444445,-11.977679124804641,-2.1992835346866118
165,"Urrutia, Welington",2B,R,R,18,30,4,0,42,48,89,100,25,55,74,93,58,54,1,92,78,82,52,35,35,0.23037833333333338,0.3074616666666667,0.2915883333333334,537.525,1018.3032791055739,0.9728007950954599,53.71459364220188,61.28261089376572,-34.61151878159072,8.959134027369004,1.278640679132396,4.019036447090807,0.1421300189323647,0.5990500000000001,0.0,17.9175,1.7460618640356205,-0.1985342465306392
83,"Valentin, Rubby",SS,R,R,18,24,59,42,93,63,59,54,21,62,76,75,70,76,0,64,93,48,65,100,52,0.27086000000000005,0.334461,0.4391999999999999,474.51099999999997,917.1632403768599,0.967180185780807,107.32279231485225,87.41338673539423,0.4447394539631089,-4.308272010256092,3.132637271367137,1.815843859334069,0.026984889176736623,0.7736609999999999,0.0,15.817033333333333,4.717917903173148,1.8633262258296674
262,"Vizquel, Renyel",LF,R,R,22,11,64,24,15,33,28,33,17,49,48,49,69,72,25,90,60,57,64,71,40,0.19623999999999991,0.27001333333333344,0.46826547619047604,497.125,897.835939804092,0.9553941813756984,71.96511680368117,69.2125058753753,-18.346203335749756,-2.4415724990176835,-1.8236587153650499,-1.151196548349237,0.03082130695500872,0.7382788095238095,0.0,16.570833333333333,-4.6184976327371,-1.0065504289002394
428,"Wall, Kid",DH,R,R,22,52,42,29,36,18,56,25,64,33,20,8,74,66,39,37,75,42,41,46,67,0.25429,0.2768599999999999,0.3433599999999999,462.91,465.2821453474462,0.37270146324561076,56.028274007778506,54.21462254895372,-30.690047353673425,-4.652959817743856,-0.7942611686433604,-3.2714465316513692,-1.8020398556249508,0.6202199999999998,0.0,15.430333333333335,-6.382471129594598,-2.9800088158666997
352,"Warner, Jayson",1B,L,L,21,0,76,12,30,42,48,26,29,44,42,34,56,60,15,75,83,26,27,93,28,0.21662499999999976,0.2889583333333334,0.4730903333333332,475.485,805.2285453900695,0.8165533016866895,95.0457622063459,94.23605528039721,-5.838415719214864,-3.4545735590313926,-12.361822961651397,-19.11938972170042,-0.07102622812729835,0.7620486666666666,0.0,15.8495,-6.903536911780431,-1.9620148312188535
202,"Webster, Thurman",3B,R,R,19,25,30,42,11,37,54,42,50,53,59,84,66,68,13,83,82,66,51,9,58,0.208785,0.2702683333333333,0.34045000000000036,465.0383333333333,916.304294206202,0.9615563978166785,41.993424172409135,46.071595478203825,-53.69403238691107,-1.0220739774540912,1.9298340147384296,1.2391953708113157,-0.02488165111868463,0.6107183333333337,0.0,15.501277777777778,1.571166485264407,-3.6691964238187342
135,"Williams, Garret",2B,R,R,22,44,0,9,44,65,79,55,54,57,67,60,66,88,21,99,71,47,63,66,43,0.23326333333333338,0.31458,0.2608275000000001,481.95190476190476,966.3334766663611,0.9602740299810847,55.18787886934078,44.329116803713504,-33.618968693996514,-6.6163109557254165,0.5726031263577643,0.3271494253209667,0.0015810086488595636,0.5754075000000001,0.0,16.06506349206349,1.6569504058065176,-2.2361327055370843
132,"Wilson, Robb",1B,L,R,21,38,63,33,20,41,48,1,40,57,48,42,50,65,24,98,99,50,32,83,37,0.22923,0.2934149999999999,0.4502699999999998,500.755,1013.9709131084383,0.9273993415375513,89.46527491719688,81.3668870984489,-12.00880089474886,-3.2348336343300614,-1.086634729075297,0.179316383176022,-0.3481180784391134,0.7436849999999997,0.0,16.69183333333333,-8.693166264647104,-0.7121450742951186
350,"Witt, Grover",LF,R,R,21,37,38,39,5,24,25,49,70,44,45,75,72,70,9,85,36,24,67,56,66,0.22352500000000006,0.24923999999999988,0.3522991666666664,468.735,859.9067963492125,0.9323480530618451,51.87765646004459,44.40925818183081,-48.79501440931637,-3.364764596011491,-2.550634893402918,3.8190948554169037,-0.014866210661944965,0.6015391666666663,0.0,15.624500000000001,-4.423388870109118,-3.7432875892945994
65,"Wohlers, Ted",CF,L,L,18,76,0,53,63,46,73,80,73,64,73,96,50,78,0,67,93,99,100,8,95,0.26515333333333346,0.3293250000000001,0.2877393333333334,455.5059999999999,917.4333535730839,0.9647026256517692,63.4549030974746,72.68440982897393,-29.88658499392016,8.409436719262265,2.419416910775149,4.118516924939876,0.019331231586125697,0.6170643333333334,0.0,15.18353333333333,1.573102458115713,-0.06067497062672231
337,"Wong, J.P.",DH,R,R,21,49,4,3,0,52,74,66,31,45,53,29,56,47,0,85,94,54,98,18,86,0.23320600000000005,0.3079350000000002,0.23468000000000022,517.6608333333332,811.6039347369224,0.7954520679812696,25.770998717189926,37.34274346960422,-88.87089691565858,-1.4823630727930683,-1.1747294033987503,-0.749975722467386,0.0109905612598893,0.5426150000000004,0.0,17.255361111111107,-11.133112959354216,-8.56521091087219
58,"Wong, Tom",LF,L,R,20,54,93,43,42,61,57,16,21,65,46,57,79,60,0,69,96,59,77,64,53,0.26318499999999995,0.32241249999999994,0.48993083333333337,506.44,942.3551464192569,0.9668733545546812,108.17015011343426,93.38466038670192,1.8507108806248067,-2.435850233413611,0.032434779178134455,1.395369770385321,0.01606973706779138,0.8123433333333333,0.0,16.881333333333334,-4.847505897218399,1.2945491412640346
